step,time_s,x,y,z,vx,vy,vz,ux,uy,uz,u_des_x,u_des_y,u_des_z,safety_h,step_runtime_s,active_constraints
1,0.05,0.312,-0.03,0.05,-0.0050000004,1.8195284e-11,4.6154622e-11,-0.1,3.6390566e-10,9.2309244e-10,-0.1,0.0,0.0,0.0028044122736901045,0.06773515790700912,870
2,0.1,0.31175,-0.03,0.05,-0.009500001,6.526835e-11,1.1737078e-10,-0.089999996,9.414614e-10,1.4243231e-09,-0.089999996,-3.6390568e-11,-9.2309244e-11,0.002782857045531273,0.060038961470127106,867
3,0.15000000000000002,0.311275,-0.03,0.05,-0.01355,2.35315e-10,2.3451238e-10,-0.08099999,3.4009326e-09,2.342832e-09,-0.081,-1.305367e-10,-2.3474156e-10,0.002742249518632889,0.06060772482305765,811
4,0.2,0.3105975,-0.03,0.05,-0.017194998,2.117293e-09,5.716184e-10,-0.07289995,3.7639563e-08,6.742121e-09,-0.072900005,-4.7063e-10,-4.6902476e-10,0.0026851086877286434,0.06266869604587555,737
5,0.25,0.30973777,-0.03,0.05,-0.020371512,8.466025e-05,-1.1853724e-06,-0.063530296,0.0016931626,-2.371888e-05,-0.06561001,-4.234586e-09,-1.1432368e-09,0.002613916527479887,0.06068202294409275,658
6,0.30000000000000004,0.3087192,-0.029995766,0.04999994,-0.022896796,0.00043988085,-5.979364e-06,-0.050505713,0.0071044117,-9.587983e-05,-0.05925698,-0.0001693205,2.3707448e-06,0.0025317699182778597,0.059394968673586845,586
7,0.35000000000000003,0.30757436,-0.029973771,0.049999643,-0.024947189,0.0009573429,-1.2616867e-05,-0.041007865,0.010349241,-0.00013275005,-0.05420641,-0.00090093067,1.2256751e-05,0.0024430889170616865,0.05899580009281635,533
8,0.4,0.30632702,-0.029925905,0.049999014,-0.026651792,0.0015580412,-1.9821257e-05,-0.034092076,0.012013964,-0.00014408778,-0.050105624,-0.0020458254,2.7021873e-05,0.002351077739149332,0.05827793665230274,498
9,0.45,0.30499443,-0.029848004,0.049998023,-0.028106194,0.0021834038,-2.667433e-05,-0.029088046,0.012507251,-0.00013706146,-0.046696417,-0.0034865532,4.4578523e-05,0.0022580449003726244,0.057592250406742096,464
10,0.5,0.30358914,-0.029738834,0.04999669,-0.029381715,0.002789499,-3.2531247e-05,-0.025510428,0.012121903,-0.00011713836,-0.043787617,-0.0051267855,6.3239306e-05,0.0021656418684870005,0.05828412901610136,440
11,0.55,0.30212006,-0.02959936,0.04999506,-0.030352663,0.0032789926,-2.164558e-05,-0.019418973,0.009789869,0.00021771334,-0.041236572,-0.0068848245,8.162141e-05,0.0020750302355736494,0.05787512380629778,423
12,0.6000000000000001,0.30060244,-0.02943541,0.049993977,-0.031139046,0.003784039,-9.673049e-06,-0.01572766,0.010100931,0.0002394506,-0.03929468,-0.008561186,6.798984e-05,0.0019873615819960833,0.0572452237829566,394
13,0.65,0.29904547,-0.029246207,0.049993493,-0.031799376,0.0042729997,3.1451482e-06,-0.013206587,0.009779213,0.00025636394,-0.03772191,-0.010391029,4.9465074e-05,0.0019037133315578103,0.05534185003489256,376
14,0.7000000000000001,0.2974555,-0.029032558,0.04999365,-0.0323762,0.004722987,1.656881e-05,-0.011536508,0.008999743,0.00026847323,-0.03640125,-0.0123149585,2.6250113e-05,0.0018247858388349414,0.05590047314763069,365
15,0.75,0.2958367,-0.028796408,0.049994476,-0.032900523,0.005117657,3.0359437e-05,-0.010486461,0.007893403,0.00027581252,-0.0352476,-0.014283178,-1.3795216e-06,0.001751015312038362,0.05506898183375597,366
16,0.8,0.29419166,-0.028540526,0.049995992,-0.033395,0.005445551,4.428268e-05,-0.009889498,0.0065578767,0.0002784648,-0.03419896,-0.016253268,-3.3095846e-05,0.0016826477367430925,0.05481820274144411,363
17,0.8500000000000001,0.2925219,-0.028268248,0.049998205,-0.033876278,0.0056988127,5.81044e-05,-0.00962555,0.005065234,0.00027643447,-0.033210002,-0.018188471,-6.8523295e-05,0.0016198037192225456,0.05527050979435444,377
18,0.9,0.29082808,-0.027983308,0.05000111,-0.03435671,0.0058721798,7.158918e-05,-0.009608648,0.0034673377,0.00026969553,-0.032247446,-0.020056384,-0.00010723085,0.0015625181840732694,0.056407418102025986,401
19,0.9500000000000001,0.28911024,-0.0276897,0.05000469,-0.034845565,0.0059621804,8.449779e-05,-0.009777115,0.0018000151,0.0002581722,-0.031286586,-0.021827817,-0.00014872904,0.0015107677318155766,0.05487433634698391,388
20,1.0,0.28736797,-0.02739159,0.050008915,-0.03534991,0.005966474,9.657923e-05,-0.010086891,8.586749e-05,0.00024162875,-0.030308869,-0.023475861,-0.00019244628,0.0014644927578046918,0.05597699247300625,385
21,1.05,0.28560048,-0.027093267,0.050013743,-0.03587519,0.0058833114,0.00010756817,-0.010505605,-0.0016632477,0.00021977886,-0.02930018,-0.024974992,-0.00023773155,0.0014236137503758073,0.05625343136489391,390
22,1.1,0.2838067,-0.026799101,0.050019123,-0.036425628,0.005711069,0.00011717952,-0.011008758,-0.0034448546,0.00019222703,-0.028249618,-0.026300285,-0.0002838493,0.0013880402548238635,0.06035059504210949,384
23,1.1500000000000001,0.28198543,-0.026513549,0.050024983,-0.03700443,0.005447873,0.00012509759,-0.011576028,-0.005263919,0.00015836126,-0.027148746,-0.027426628,-0.00032996864,0.0013576800702139735,0.058990515768527985,351
24,1.2000000000000002,0.2801352,-0.026241155,0.050031237,-0.037613876,0.005091268,0.00013096671,-0.012188893,-0.0071320976,0.00011738235,-0.025991138,-0.028327998,-0.00037510414,0.0013324421597644687,0.05804135370999575,341
25,1.25,0.2782545,-0.025986591,0.050037786,-0.038255267,0.00463796,0.00013438644,-0.012827776,-0.009066165,6.839473e-05,-0.02477225,-0.028976757,-0.00041811622,0.0013122401433065534,0.056368183344602585,318
26,1.3,0.27634174,-0.025754694,0.050044507,-0.038928796,0.0040835897,0.00013489951,-0.013470566,-0.011087402,1.0261557e-05,-0.023489468,-0.02934296,-0.00045770098,0.0012969962554052472,0.057551934383809566,332
27,1.35,0.2743953,-0.025550514,0.050051253,-0.039633308,0.0034225946,0.00013198658,-0.014090221,-0.0132198995,-5.8258734e-05,-0.02214241,-0.029393706,-0.00049232924,0.0012829495826736093,0.05674528982490301,340
28,1.4000000000000001,0.2724136,-0.025379384,0.05005785,-0.040365987,0.002648129,0.0001250414,-0.014653564,-0.015489315,-0.00013890342,-0.020733386,-0.029092614,-0.00052023586,0.0012709073489531875,0.05786864273250103,344
29,1.4500000000000002,0.2703953,-0.025246978,0.0500641,-0.041121937,0.0017520397,0.00011339172,-0.01511901,-0.017921783,-0.0002329938,-0.019268028,-0.028399333,-0.000539333,0.0012633291771635413,0.06623307708650827,346
30,1.5,0.26833922,-0.025159376,0.05006977,-0.041893728,0.0007249573,9.626907e-05,-0.015435832,-0.020541646,-0.00034245304,-0.017756127,-0.027269186,-0.0005472888,0.0012601924827322364,0.054443951696157455,344
31,1.55,0.26624453,-0.025123129,0.050074585,-0.042670827,-0.00044351094,7.282752e-05,-0.015541965,-0.023369364,-0.00046883101,-0.016212545,-0.02565303,-0.00054139295,0.001259394222870469,0.055771229788661,344
32,1.6,0.26411098,-0.025145303,0.050078224,-0.043338697,-0.0016285871,0.00010561953,-0.013357368,-0.023701522,0.00065584027,-0.014658347,-0.023497332,-0.0005185752,0.0012595318257808685,0.05766528192907572,309
33,1.6500000000000001,0.26194406,-0.025226733,0.050083507,-0.043848384,-0.0027042862,0.00022210611,-0.01019377,-0.021513982,0.0023297316,-0.013322607,-0.021016305,-0.0006023573,0.001263685175217688,0.054056585766375065,258
34,1.7000000000000002,0.25975165,-0.025361948,0.050094612,-0.044248797,-0.0036618211,0.00038833445,-0.008008252,-0.019150697,0.0033245664,-0.012303233,-0.01845776,-0.00086174277,0.001272435998544097,0.05399524234235287,249
35,1.75,0.2575392,-0.025545038,0.05011403,-0.044578265,-0.0044953567,0.00057538605,-0.0065893875,-0.016670713,0.0037410315,-0.0115024075,-0.015866617,-0.0012497249,0.0012866194592788815,0.052452441304922104,258
36,1.8,0.2553103,-0.025769806,0.0501428,-0.04486637,-0.0052017304,0.00075889344,-0.0057620252,-0.014127471,0.0036701479,-0.010843471,-0.013284093,-0.001720909,0.001307243132032454,0.05362181644886732,258
37,1.85,0.253067,-0.026029892,0.050180744,-0.045135155,-0.005780245,0.0009189176,-0.005375749,-0.011570299,0.0032004833,-0.010267265,-0.010747507,-0.002231776,0.0013265815796330571,0.05505219008773565,226
38,1.9000000000000001,0.25081024,-0.026318904,0.050226692,-0.04540042,-0.0062324335,0.0010396336,-0.005305237,-0.009043768,0.0024143215,-0.009729691,-0.008290045,-0.0027415534,0.0013320950092747808,0.054406906478106976,218
39,1.9500000000000002,0.24854021,-0.026630526,0.050278675,-0.045672964,-0.0065617757,0.0011087656,-0.0054509384,-0.006586841,0.0013826388,-0.009199165,-0.00594061,-0.0032127239,0.0013401760952547193,0.05348294787108898,216
40,2.0,0.24625656,-0.026958615,0.050334115,-0.045862332,-0.006753989,0.0011214889,-0.0037873331,-0.0038442693,0.0002544647,-0.008654073,-0.0037238132,-0.0036109015,0.0013577390927821398,0.05346046481281519,214
41,2.0500000000000003,0.24396345,-0.027296314,0.050390188,-0.04594332,-0.006847735,0.001199855,-0.0016197555,-0.0018749234,0.0015673223,-0.0082753375,-0.0016989461,-0.003913547,0.0013854153221473098,0.053736692294478416,215
42,2.1,0.24166629,-0.0276387,0.05045018,-0.04595834,-0.0068498473,0.0013163442,-0.00030043643,-4.2247993e-05,0.0023297844,-0.008113362,0.00017704349,-0.0043506445,0.0014235853450372815,0.05328072048723698,214
43,2.15,0.23936836,-0.027981192,0.050516,-0.04593885,-0.006767732,0.0014488564,0.00038981345,0.0016423024,0.002650243,-0.008083321,0.0018931972,-0.0048835836,0.0014725594082847238,0.053813621401786804,219
44,2.2,0.23707142,-0.028319579,0.05058844,-0.045907963,-0.0066092317,0.001579669,0.00061771873,0.0031700104,0.002616251,-0.008122303,0.003441427,-0.0054777004,0.0015326006105169654,0.05590575560927391,219
45,2.25,0.23477602,-0.02865004,0.050667424,-0.045882497,-0.0063824924,0.0016945717,0.00050933316,0.004534783,0.0022980554,-0.008184075,0.00481636,-0.0061015347,0.0016039476031437516,0.05350662115961313,188
46,2.3000000000000003,0.2324819,-0.028969165,0.05075215,-0.04587455,-0.0060958387,0.0017821189,0.00015893388,0.005733068,0.0017509455,-0.0082350075,0.006015187,-0.0067262584,0.0016868257662281394,0.05562853720039129,183
47,2.35,0.23018818,-0.029273957,0.050841257,-0.045892723,-0.0057576518,0.0018330027,-0.00036343516,0.0067637353,0.0010176753,-0.0082509,0.0070375055,-0.0073249927,0.001781455590389669,0.055138811469078064,174
48,2.4000000000000004,0.22789355,-0.02956184,0.050932907,-0.045943037,-0.005376258,0.0018395069,-0.0010062414,0.0076278765,0.00013008552,-0.008214556,0.007885092,-0.007872286,0.001888060593046248,0.05592856835573912,172
49,2.45,0.2255964,-0.029830653,0.05102488,-0.04603016,-0.004959806,0.0017944031,-0.0017424743,0.008329041,-0.0009020764,-0.008113928,0.008561719,-0.008343543,0.002006870461627841,0.05605752859264612,187
50,2.5,0.22329488,-0.030078644,0.0511146,-0.04598686,-0.004429259,0.0015567777,0.00086599984,0.010610944,-0.0047525074,-0.007939681,0.009072881,-0.0087132035,0.002138126641511917,0.054678537882864475,181
51,2.5500000000000003,0.22099555,-0.030300107,0.05119244,-0.045745697,-0.0037741584,0.0011254492,0.0048232987,0.01310201,-0.00862657,-0.0080262795,0.009251741,-0.008686553,0.0022789754439145327,0.05564328469336033,183
52,2.6,0.21870826,-0.030488815,0.051248714,-0.04535514,-0.0030734176,0.00071912917,0.0078110816,0.014014814,-0.0081264,-0.008508608,0.009048855,-0.008213095,0.002423834754154086,0.05331060104072094,195
53,2.6500000000000004,0.2164405,-0.030642485,0.05128467,-0.044862334,-0.002347662,0.00034073007,0.00985612,0.01451511,-0.0075679817,-0.009289719,0.008590914,-0.007681826,0.0025533544830977917,0.054218568839132786,209
54,2.7,0.21419738,-0.03075987,0.051301707,-0.04430175,-0.0016137748,-7.4584677e-06,0.011211742,0.014677744,-0.0069637704,-0.010275334,0.007907754,-0.0071048103,0.002564957132562995,0.05407648626714945,208
55,2.75,0.2119823,-0.030840557,0.051301334,-0.043698512,-0.0008855679,-0.00032372194,0.012064728,0.014564138,-0.006325269,-0.011396505,0.0070268987,-0.006493612,0.0025692989584058523,0.055123438127338886,219
56,2.8000000000000003,0.20979737,-0.030884836,0.051285148,-0.04307084,-0.0001742827,-0.00060687715,0.012553379,0.014225705,-0.005663105,-0.012602977,0.005973925,-0.0058592223,0.0025498466566205025,0.053682864643633366,226
57,2.85,0.20764382,-0.03089355,0.051254805,-0.04243186,0.0005110252,-0.00085624785,0.012779602,0.013706158,-0.004987414,-0.013858318,0.004772748,-0.00521198,0.0025331215001642704,0.05331763532012701,215
58,2.9000000000000004,0.20552222,-0.030867998,0.051211994,-0.04179094,0.0011631821,-0.0010716361,0.012818445,0.013043137,-0.004307766,-0.015136279,0.0034456998,-0.0045615267,0.0025240296963602304,0.053493975661695004,225
59,2.95,0.20343268,-0.030809838,0.051158413,-0.04115466,0.0017766496,-0.0012532587,0.012725561,0.012269349,-0.0036324507,-0.016418122,0.002013627,-0.003916695,0.002522319322451949,0.053561605513095856,224
60,3.0,0.20137495,-0.030721005,0.05109575,-0.040527582,0.0023473224,-0.0014017229,0.012541535,0.011413455,-0.0029692834,-0.01769068,0.00049589574,-0.0032855456,0.0025273736100643873,0.05738738365471363,223
61,3.0500000000000003,0.19934857,-0.03060364,0.051025663,-0.03991277,0.0028723571,-0.001517981,0.012296223,0.010500692,-0.0023251637,-0.018944837,-0.0010896162,-0.0026753014,0.002515190513804555,0.05461386125534773,236
62,3.1,0.19735293,-0.030460022,0.050949764,-0.03931221,0.0033500192,-0.0016032897,0.012011199,0.009553243,-0.0017061747,-0.020174459,-0.002726512,-0.002092347,0.002510078949853778,0.05488769430667162,238
63,3.1500000000000004,0.19538732,-0.030292522,0.0508696,-0.038727123,0.003779543,-0.0016591693,0.01170173,0.008590477,-0.0011175929,-0.021375582,-0.004399923,-0.0015422343,0.002511859405785799,0.05636491347104311,265
64,3.2,0.19345096,-0.030103546,0.05078664,-0.03815819,0.0041610105,-0.001687363,0.011378679,0.0076293433,-0.0005638751,-0.022545755,-0.006096472,-0.0010296525,0.0025203656405210495,0.05625773407518864,284
65,3.25,0.19154304,-0.029895496,0.050702274,-0.03760573,0.0044952296,-0.0016897982,0.011049217,0.0066843797,-4.870266e-05,-0.023683622,-0.0078042895,-0.0005584727,0.0025247358717024326,0.05352333839982748,281
66,3.3000000000000003,0.18966275,-0.029670734,0.050617784,-0.03706983,0.004783627,-0.0016685494,0.010717945,0.00576795,0.00042497573,-0.024788544,-0.009512978,-0.0001317691,0.002521577989682555,0.05563224572688341,279
67,3.35,0.18780926,-0.029431552,0.050534356,-0.036550462,0.005028143,-0.0016258027,0.010387364,0.004890323,0.00085493404,-0.025860336,-0.011213581,0.00024818117,0.0025233817286789417,0.056037125177681446,275
68,3.4000000000000004,0.18598174,-0.029180145,0.050453067,-0.036047548,0.005231131,-0.001563823,0.010058282,0.0040597566,0.0012395941,-0.026899077,-0.012898525,0.00057982723,0.0025141264777630568,0.0533274682238698,270
69,3.45,0.18417937,-0.028918589,0.050374877,-0.035561036,0.0053952634,-0.001484924,0.009730237,0.0032826515,0.0015779797,-0.027904905,-0.014561534,0.00086231553,0.002498394111171365,0.05349038913846016,274
70,3.5,0.18240131,-0.028648825,0.05030063,-0.03509094,0.0055234507,-0.0013914389,0.00940194,0.0025637466,0.0018697022,-0.028877933,-0.01619758,0.0010954682,0.0024770412128418684,0.05437834374606609,281
71,3.5500000000000003,0.18064676,-0.028372653,0.05023106,-0.034637384,0.005618757,-0.0012856947,0.009071119,0.0019061259,0.0021148848,-0.029818125,-0.017802771,0.0012797231,0.002461449708789587,0.054642461240291595,291
72,3.6,0.17891489,-0.028091716,0.050166775,-0.034200657,0.0056843203,-0.0011699878,0.008734529,0.0013112654,0.0023141354,-0.030725233,-0.019374246,0.0014161023,0.002451433567330241,0.054718708619475365,306
73,3.6500000000000004,0.17720486,-0.0278075,0.050108276,-0.033781223,0.005723296,-0.0010465643,0.008388707,0.00077951787,0.002468471,-0.031598683,-0.020910058,0.0015061067,0.0024468456394970417,0.054649561643600464,305
74,3.7,0.1755158,-0.027521335,0.050055947,-0.03337976,0.005738787,-0.0009175979,0.008029231,0.00030981706,0.0025793281,-0.032437555,-0.022409087,0.0015517508,0.002444341778755188,0.05643992591649294,304
75,3.75,0.17384681,-0.027234396,0.050010066,-0.032997187,0.005733793,-0.0007851721,0.0076514333,-9.98743e-05,0.0026485163,-0.033240486,-0.023870898,0.0015554638,0.0024346155114471912,0.056259358301758766,306
76,3.8000000000000003,0.17219695,-0.026947707,0.04997081,-0.03263255,0.0057124468,-0.0006512055,0.007292812,-0.0004269243,0.0026793322,-0.03400563,-0.025295604,0.0015200155,0.0024285493418574333,0.056405723094940186,325
77,3.85,0.17056532,-0.026662085,0.04993825,-0.03228757,0.005677316,-0.0005175591,0.0068995706,-0.00070261693,0.0026729277,-0.0347349,-0.026686355,0.0014483678,0.0024261840153485537,0.05525013245642185,365
78,3.9000000000000004,0.16895095,-0.02637822,0.04991237,-0.031964447,0.005630586,-0.0003859679,0.0064624804,-0.0009346035,0.0026318245,-0.035424855,-0.028044203,0.0013438703,0.0024165178183466196,0.056127204559743404,364
79,3.95,0.16735272,-0.02609669,0.049893074,-0.031665526,0.0055742,-0.00025802065,0.005978385,-0.0011277203,0.0025589452,-0.03607111,-0.02937007,0.0012100858,0.002403917023912072,0.05651405453681946,359
80,4.0,0.16576944,-0.025817981,0.049880173,-0.03139331,0.005509832,-0.00013515471,0.005444379,-0.0012873564,0.0024573186,-0.03666895,-0.030664945,0.0010506763,0.0023972538765519857,0.05688902921974659,342
81,4.05,0.16419978,-0.02554249,0.049873415,-0.031097203,0.0053674025,-5.910854e-05,0.0059220884,-0.0028485877,0.0015209233,-0.03721338,-0.031929754,0.00086944783,0.0023960014805197716,0.058007752522826195,328
82,4.1000000000000005,0.16264492,-0.02527412,0.04987046,-0.030789698,0.0051843803,-1.5993239e-05,0.006150115,-0.0036604414,0.00086230604,-0.037805595,-0.03302235,0.0007511439,0.0023732518311589956,0.05871719401329756,322
83,4.15,0.16110544,-0.025014902,0.04986966,-0.030511878,0.005019898,2.5638037e-05,0.0055563655,-0.0032896486,0.0008326255,-0.03842061,-0.033998154,0.0006796841,0.0022684577852487564,0.0567943612113595,337
84,4.2,0.15957984,-0.024763906,0.04987094,-0.030366872,0.0050743376,0.00022403913,0.0029001397,0.0010887892,0.003968022,-0.038976245,-0.034965284,0.0006004262,0.002168752485886216,0.05757283139973879,352
85,4.25,0.1580615,-0.02451019,0.049882144,-0.030127946,0.005166105,0.00041128582,0.0047784867,0.0018353476,0.0037449335,-0.039266255,-0.03632914,0.00019721652,0.002074233256280422,0.05797654204070568,367
86,4.3,0.1565551,-0.024251884,0.049902707,-0.029824343,0.0052655875,0.00058426854,0.006072056,0.00198965,0.0034596543,-0.039744105,-0.037781257,-0.00023328658,0.001985282637178898,0.05746534001082182,355
87,4.3500000000000005,0.15506388,-0.023988605,0.04993192,-0.02948311,0.0053560953,0.000740616,0.0068246536,0.0018101594,0.0031269493,-0.04035132,-0.03927175,-0.00068207004,0.0019020525505766273,0.05815510731190443,364
88,4.4,0.15358973,-0.023720799,0.04996895,-0.029316446,0.0053196354,0.00086702564,0.0033332861,-0.0007291994,0.0025281922,-0.041033782,-0.040769164,-0.0011408336,0.0018245232058688998,0.05985271278768778,361
89,4.45,0.1521239,-0.023454817,0.0500123,-0.029335614,0.0051662102,0.0009646595,-0.0003833765,-0.0030684995,0.0019526769,-0.041367106,-0.042035274,-0.0015787998,0.0017516337102279067,0.055842178873717785,353
90,4.5,0.15065712,-0.023196507,0.050060533,-0.02947932,0.004942625,0.0010389206,-0.0028740875,-0.0044717086,0.0014852228,-0.041328777,-0.043058332,-0.0019908235,0.001682414673268795,0.05524610076099634,348
91,4.55,0.14918315,-0.022949375,0.05011248,-0.029714731,0.0046749557,0.0010931651,-0.0047082324,-0.005353382,0.0010848902,-0.041041367,-0.04390271,-0.0023805024,0.001614237786270678,0.05613004323095083,342
92,4.6000000000000005,0.14769742,-0.022715628,0.050167136,-0.029781612,0.0042340714,0.0011807514,-0.0013376073,-0.008817689,0.0017517246,-0.040570535,-0.044603035,-0.0027487187,0.0015474262181669474,0.056439051404595375,336
93,4.65,0.14620833,-0.022503925,0.050226174,-0.029753696,0.0037799606,0.0013515676,0.0005583056,-0.009082218,0.0034163238,-0.040436782,-0.04489,-0.0031971782,0.0014834437752142549,0.05639822781085968,329
94,4.7,0.14472064,-0.022314927,0.05029375,-0.029728312,0.003407414,0.0015050464,0.000507672,-0.0074509312,0.0030695775,-0.040492613,-0.045040287,-0.0038340027,0.0014224699698388577,0.05597844161093235,329
95,4.75,0.14323422,-0.022144556,0.050369002,-0.029720977,0.003099746,0.0016316433,0.00014671279,-0.0061533614,0.0025319376,-0.040543374,-0.045240194,-0.0044788443,0.0013646825682371855,0.05529766343533993,314
96,4.800000000000001,0.14174818,-0.021989569,0.050450586,-0.029581683,0.002740772,0.0014075718,0.0027858869,-0.007179484,-0.0044814297,-0.040558048,-0.045476712,-0.005108292,0.0013101669028401375,0.05543971061706543,310
97,4.8500000000000005,0.14026909,-0.02185253,0.050520964,-0.02945588,0.0024612881,0.0011882416,0.0025160762,-0.005589677,-0.0043866048,-0.04083664,-0.045533694,-0.005068069,0.0012588247191160917,0.055183849297463894,298
98,4.9,0.13879628,-0.021729466,0.050580375,-0.02935878,0.0022491785,0.0009784285,0.0019420106,-0.004242194,-0.0041962615,-0.041088246,-0.045659922,-0.0049812994,0.0012107527581974864,0.05494760535657406,287
99,4.95,0.13732834,-0.021617007,0.050629295,-0.02930095,0.0020924886,0.0007798305,0.0011565739,-0.003133796,-0.00397196,-0.041282438,-0.045851022,-0.0048587276,0.0011659993324428797,0.05591738596558571,281
100,5.0,0.13586329,-0.021512382,0.050668288,-0.02929041,0.0019802025,0.0005938293,0.000210831,-0.0022457198,-0.0037200237,-0.0413981,-0.04609994,-0.004706134,0.00112459110096097,0.05494783632457256,259
101,5.050000000000001,0.13439877,-0.021413371,0.05069798,-0.02933335,0.0019019292,0.00042150327,-0.0008587765,-0.0015654669,-0.0034465208,-0.041419186,-0.046398498,-0.0045290953,0.001086557051166892,0.055354632437229156,244
102,5.1000000000000005,0.13293211,-0.021318274,0.050719053,-0.029434653,0.0018476642,0.00026364095,-0.002026068,-0.0010852986,-0.0031572462,-0.041333307,-0.046737,-0.0043328954,0.0010519425850361586,0.055127574130892754,235
103,5.15,0.13146038,-0.02122589,0.050732236,-0.029598257,0.0018075914,0.0001207515,-0.0032720836,-0.000801457,-0.002857789,-0.0411307,-0.04710396,-0.004122541,0.0010208149906247854,0.05469856783747673,227
104,5.2,0.12998047,-0.02113551,0.050738275,-0.02982739,0.0017719181,-6.92546e-06,-0.004582671,-0.0007134651,-0.0025535391,-0.040803485,-0.04748573,-0.0039026812,0.000993258785456419,0.053902662359178066,218
105,5.25,0.1284891,-0.021046914,0.05073793,-0.030124722,0.0017307277,-0.00011940695,-0.0059466334,-0.0008238092,-0.0022496297,-0.040345218,-0.04786628,-0.0036775204,0.0009693697793409228,0.05377014074474573,213
106,5.300000000000001,0.12698287,-0.020960378,0.050731957,-0.030492371,0.0016737925,-0.00021692447,-0.007352996,-0.0011387047,-0.0019503504,-0.039750554,-0.048226885,-0.0034508253,0.000949246110394597,0.05378738418221474,201
107,5.3500000000000005,0.12545826,-0.020876687,0.05072111,-0.030848656,0.0015353091,-0.00025524833,-0.0071257073,-0.002769667,-0.00076647714,-0.039015256,-0.048545692,-0.003225932,0.0009329845197498798,0.0542201055213809,196
108,5.4,0.12391582,-0.020799922,0.050708346,-0.031189574,0.0013103115,-0.00023057754,-0.006818361,-0.0044999537,0.00049341575,-0.038302686,-0.048687175,-0.0030950443,0.0009205526439473033,0.053822316229343414,190
109,5.45,0.12235634,-0.020734407,0.050696816,-0.03154475,0.0010151227,-0.00016008058,-0.007103462,-0.0059037744,0.001409939,-0.03762085,-0.04862101,-0.0030805715,0.0009118893649429083,0.05340144783258438,185
110,5.5,0.120779105,-0.020683652,0.05068881,-0.031942606,0.0006616912,-6.0950668e-05,-0.00795718,-0.007068631,0.0019825983,-0.0369105,-0.04835821,-0.0031639165,0.0009069603402167559,0.052032630890607834,174
111,5.550000000000001,0.119181976,-0.020650567,0.050685763,-0.032409634,0.00025672864,4.9323702e-05,-0.009340588,-0.0080992505,0.0022054873,-0.03611479,-0.047905117,-0.0033221482,0.0009057665010914207,0.05189224425703287,174
112,5.6000000000000005,0.1175615,-0.02063773,0.05068823,-0.032972034,-0.00019776734,0.00015166562,-0.011248017,-0.00908992,0.0020468384,-0.035180736,-0.047260616,-0.0035274606,0.0009083539480343461,0.05215205252170563,175
113,5.65,0.11591289,-0.020647619,0.050695814,-0.03350259,-0.000767288,0.0003214478,-0.010611143,-0.011390412,0.003395643,-0.034055937,-0.04641581,-0.003744475,0.0009087370708584785,0.05192210711538792,174
114,5.7,0.11423776,-0.020685984,0.050711885,-0.034002785,-0.0014524034,0.00054352573,-0.0100039225,-0.013702309,0.0044415584,-0.032994825,-0.045227326,-0.004121963,0.0009113948326557875,0.05160294845700264,177
115,5.75,0.11253762,-0.020758605,0.05073906,-0.03450554,-0.0022437924,0.0007945922,-0.010055061,-0.015827779,0.005021329,-0.03199443,-0.043665268,-0.0046464736,0.0009123260388150811,0.053302643820643425,180
116,5.800000000000001,0.11081234,-0.020870794,0.05077879,-0.035020933,-0.0031416349,0.0010297335,-0.010307886,-0.01795685,0.004702826,-0.030988924,-0.041719392,-0.0052844863,0.0009085086639970541,0.05211480148136616,175
117,5.8500000000000005,0.1090613,-0.021027876,0.05083028,-0.03555449,-0.004152256,0.0012634237,-0.010671179,-0.02021242,0.0046738046,-0.029958136,-0.03936276,-0.00595342,0.0009019410936161876,0.05295661836862564,181
118,5.9,0.10728358,-0.021235488,0.05089345,-0.036134828,-0.005278717,0.0014642992,-0.011606739,-0.022529215,0.0040175095,-0.02889102,-0.036556102,-0.0066782366,0.0008882306283339858,0.05245098192244768,168
119,5.95,0.105476834,-0.021499423,0.05096666,-0.036736593,-0.006535259,0.0015871577,-0.012035329,-0.02513084,0.0024571703,-0.027730342,-0.03326512,-0.0073958356,0.0008764737285673618,0.052376698702573776,165
120,6.0,0.103640005,-0.021826187,0.051046018,-0.03738609,-0.007935123,0.0016404998,-0.012989955,-0.027997267,0.0010668427,-0.026526816,-0.029432364,-0.008007619,0.0008665522327646613,0.051658530719578266,167
121,6.050000000000001,0.1017707,-0.022222944,0.05112804,-0.038084652,-0.009384475,0.0016018664,-0.013971263,-0.028987037,-0.00077266747,-0.025227822,-0.024998818,-0.008511083,0.0008584826719015837,0.05415618326514959,149
122,6.1000000000000005,0.099866465,-0.022692168,0.051208135,-0.03874379,-0.010564611,0.0015134155,-0.0131827425,-0.023602737,-0.0017690199,-0.023830697,-0.02011633,-0.008843934,0.00085281184874475,0.052239563316106796,152
123,6.15,0.09792928,-0.0232204,0.051283807,-0.03938221,-0.011505883,0.0013976272,-0.01276837,-0.018825429,-0.0023157655,-0.022512421,-0.015409934,-0.009067501,0.0008511263877153397,0.05176108982414007,149
124,6.2,0.09596016,-0.023795694,0.05135369,-0.04001491,-0.012212008,0.0012476523,-0.012654045,-0.014122506,-0.0029994969,-0.021235585,-0.010886233,-0.009214284,0.0008548748446628451,0.05609221011400223,142
125,6.25,0.09395941,-0.024406295,0.051416073,-0.040604234,-0.012686134,0.0010669442,-0.011786439,-0.009482515,-0.0036141626,-0.019970179,-0.0065975096,-0.009263746,0.0008654224220663309,0.05490571539849043,147
126,6.300000000000001,0.091929205,-0.025040602,0.05146942,-0.04114183,-0.012967456,0.00088068226,-0.010751904,-0.005626443,-0.003725239,-0.018791534,-0.0025962517,-0.00921425,0.000883979257196188,0.05184333026409149,155
127,6.3500000000000005,0.089872114,-0.025688976,0.051513452,-0.041648388,-0.013064456,0.0006958543,-0.010131172,-0.0019400084,-0.003696559,-0.01771634,0.0011379272,-0.009108456,0.0009115183493122458,0.05320461746305227,160
128,6.4,0.08778969,-0.026342198,0.051548246,-0.04212066,-0.012944666,0.00050821004,-0.009445472,0.0023958082,-0.0037528852,-0.016703226,0.004573796,-0.008958966,0.0009446468902751803,0.05133902467787266,162
129,6.45,0.08568366,-0.026989432,0.051573656,-0.042442847,-0.012671475,0.0003585539,-0.0064436733,0.0054638106,-0.0029931224,-0.015758678,0.007600326,-0.008757647,0.0009878147393465042,0.051815141923725605,163
130,6.5,0.08356152,-0.027623005,0.051591583,-0.042659335,-0.012290892,0.00027509057,-0.004329719,0.0076116663,-0.0016692663,-0.015114307,0.010290114,-0.008585386,0.0010404862696304917,0.05243139248341322,165
131,6.550000000000001,0.08142855,-0.02823755,0.051605336,-0.0428027,-0.011814708,0.00024277513,-0.0028673077,0.009523693,-0.00064630876,-0.014681332,0.012696814,-0.00850809,0.0011018402874469757,0.052539508789777756,166
132,6.6000000000000005,0.079288416,-0.028828286,0.051617473,-0.042894065,-0.011227416,0.00025480578,-0.0018273407,0.011745847,0.0002406129,-0.014394604,0.014817167,-0.008512229,0.0011690871324390173,0.05249142460525036,189
133,6.65,0.077143714,-0.029389657,0.051630214,-0.04294973,-0.010569391,0.00029937935,-0.0011132405,0.013160501,0.000891471,-0.014211871,0.016596263,-0.008596975,0.0012476363917812705,0.05265579093247652,198
134,6.7,0.074996226,-0.029918127,0.051645182,-0.042987473,-0.0098544145,0.00036526256,-0.0007548916,0.014299535,0.0013176639,-0.014100544,0.01808707,-0.008749824,0.001337957801297307,0.053036623634397984,205
135,6.75,0.07284685,-0.030410847,0.051663443,-0.04300356,-0.009069713,0.0004289916,-0.00032172663,0.015694024,0.0012745805,-0.014025055,0.019299466,-0.008956432,0.0014400839572772384,0.05391442682594061,220
136,6.800000000000001,0.070696674,-0.030864332,0.051684894,-0.042962875,-0.008261381,0.0004990738,0.0008136439,0.016166644,0.001401645,-0.013992883,0.020193662,-0.009175196,0.0015540430322289467,0.053118688985705376,219
137,6.8500000000000005,0.06854853,-0.0312774,0.051709846,-0.04290322,-0.007441684,0.00059558597,0.0011931042,0.01639393,0.0019302425,-0.014074251,0.020844424,-0.009422611,0.0015740738017484546,0.05739977024495602,214
138,6.9,0.06640337,-0.031649485,0.051739626,-0.04284135,-0.006618766,0.0007068123,0.0012373824,0.016458357,0.0022245266,-0.014193565,0.02127037,-0.009740397,0.0015793493948876858,0.05774862319231033,217
139,6.95,0.0642613,-0.031980425,0.051774967,-0.042766854,-0.0058226096,0.00080498133,0.0014898818,0.015923133,0.0019633803,-0.014317304,0.021484962,-0.010111749,0.0015918553108349442,0.05827850941568613,226
140,7.0,0.06212296,-0.032271557,0.051815215,-0.042699393,-0.005040839,0.00091196335,0.0013492163,0.015635414,0.0021396398,-0.014466293,0.02154735,-0.010484796,0.001600310206413269,0.058101668022572994,228
141,7.050000000000001,0.05998799,-0.0325236,0.051860813,-0.042633373,-0.004263715,0.0010027416,0.0013204194,0.015542476,0.0018155657,-0.014601216,0.021439465,-0.0109,0.0015990263782441616,0.06069477554410696,216
142,7.1000000000000005,0.05785632,-0.032736786,0.05191095,-0.042581357,-0.003515394,0.0010963494,0.001040359,0.014966416,0.0018721555,-0.014733255,0.021145426,-0.0113095455,0.0016035138396546245,0.05908521730452776,209
143,7.15,0.055727255,-0.032912556,0.05196577,-0.04255615,-0.00279738,0.001181124,0.0005041333,0.014360275,0.0016954923,-0.014837287,0.02071472,-0.011747453,0.0016144720138981938,0.06421151012182236,227
144,7.2,0.053599447,-0.033052426,0.052024826,-0.04256806,-0.002110317,0.0012460898,-0.00023818779,0.013741263,0.0012993151,-0.014887698,0.020157544,-0.012191091,0.0016279397532343864,0.0654747998341918,236
145,7.25,0.051471043,-0.03315794,0.052087132,-0.04262536,-0.0014539761,0.001280731,-0.0011459492,0.013126814,0.00069282454,-0.0148638785,0.019482767,-0.012616308,0.00163743004668504,0.0590259013697505,234
146,7.300000000000001,0.049339775,-0.03323064,0.05215117,-0.042734604,-0.0008272667,0.0012748033,-0.0021848916,0.012534188,-0.00011855517,-0.014749281,0.01869766,-0.012997117,0.0016526388935744762,0.06342127732932568,239
147,7.3500000000000005,0.047203045,-0.033272002,0.05221491,-0.042900853,-0.00022825133,0.0012181571,-0.0033249801,0.011980307,-0.0011329248,-0.014530793,0.017807735,-0.013305452,0.0016704590525478125,0.0676409238949418,234
148,7.4,0.045058005,-0.033283416,0.052275818,-0.04312778,0.00034582522,0.0011005715,-0.004538548,0.011481531,-0.0023517136,-0.014198296,0.016816515,-0.013510857,0.001687343348748982,0.057148633524775505,225
149,7.45,0.042901617,-0.033266123,0.052330848,-0.043346908,0.0009445194,0.00093178614,-0.0043826,0.011973884,-0.003375707,-0.013744444,0.015725434,-0.013580229,0.0017027831636369228,0.05576962046325207,229
150,7.5,0.040734272,-0.033218898,0.052377436,-0.043597154,0.0014908973,0.00073495304,-0.005004922,0.010927555,-0.003936662,-0.013306186,0.014441581,-0.013517808,0.0017165709286928177,0.057626581750810146,236
151,7.550000000000001,0.038554415,-0.033144355,0.052414183,-0.043889295,0.001990579,0.00049403426,-0.0058428026,0.009993635,-0.0048183748,-0.012805693,0.013112698,-0.013357084,0.0017366561805829406,0.05772140435874462,240
152,7.6000000000000005,0.03635995,-0.033044826,0.052438885,-0.044230767,0.0024495004,0.00019374187,-0.0068294415,0.009178426,-0.006005848,-0.012221411,0.011740619,-0.013058977,0.0017632314702495933,0.05772776436060667,251
153,7.65,0.034148414,-0.03292235,0.05244857,-0.044626094,0.0028739255,-0.00018082521,-0.0079065645,0.008488501,-0.007491342,-0.011538468,0.010325134,-0.012581905,0.0017644095933064818,0.06771285273134708,259
154,7.7,0.03191711,-0.032778654,0.05243953,-0.04507711,0.0032704459,-0.00064447906,-0.00902037,0.007930405,-0.009273077,-0.010747813,0.008863902,-0.011881199,0.0017316591693088412,0.07125143613666296,271
155,7.75,0.029663254,-0.032615133,0.052407306,-0.045569323,0.0036380182,-0.0011897846,-0.009844198,0.0073514446,-0.0109061105,-0.009845778,0.0073523833,-0.010908686,0.0017020736122503877,0.06770940311253071,275
156,7.800000000000001,0.027384788,-0.03243323,0.052347817,-0.04601239,0.0039279996,-0.0016726316,-0.008861347,0.0057996255,-0.009656941,-0.0088613555,0.0057996307,-0.009656955,0.001679247827269137,0.0658463342115283,277
157,7.8500000000000005,0.025084168,-0.03223683,0.052264184,-0.046411153,0.004143507,-0.0020923223,-0.007975219,0.004310155,-0.008393814,-0.007975221,0.0043101558,-0.008393817,0.0016634623752906919,0.059818495996296406,274
158,7.9,0.02276361,-0.032029655,0.052159566,-0.046770036,0.004288364,-0.0024491358,-0.0071776942,0.0028971354,-0.0071362685,-0.0071776956,0.002897136,-0.0071362704,0.001652711653150618,0.05979693681001663,273
159,7.95,0.020425107,-0.03181524,0.05203711,-0.047093034,0.0043669418,-0.0027441136,-0.006459928,0.0015715489,-0.005899555,-0.006459929,0.0015715491,-0.0058995564,0.001630523125641048,0.058614589273929596,281
160,8.0,0.018070456,-0.03159689,0.051899903,-0.04738373,0.004384057,-0.0029789791,-0.0058139325,0.00034231108,-0.004697311,-0.005813934,0.00034231134,-0.0046973126,0.0016137820202857256,0.05519934929907322,276
161,8.05,0.01570127,-0.031377688,0.051750954,-0.047645357,0.0043448745,-0.0031560566,-0.0052325414,-0.00078365323,-0.003541549,-0.0052325428,-0.000783653,-0.0035415506,0.0016023186035454273,0.058150025084614754,281
162,8.1,0.0133190015,-0.031160444,0.05159315,-0.04788082,0.004254809,-0.0032781893,-0.004709287,-0.0018013056,-0.0024426526,-0.0047092885,-0.0018013055,-0.0024426542,0.0015876047546043992,0.055481801740825176,283
163,8.15,0.0109249605,-0.030947704,0.051429242,-0.048092738,0.0041194395,-0.0033486579,-0.0042383582,-0.0027073948,-0.0014093709,-0.0042383596,-0.0027073948,-0.0014093723,0.0015732805477455258,0.05842265486717224,276
164,8.200000000000001,0.008520324,-0.030741733,0.05126181,-0.048283465,0.0039444217,-0.0033711023,-0.0038145247,-0.0035003563,-0.00044888878,-0.003814526,-0.0035003563,-0.00044889003,0.001568293897435069,0.05559542682021856,274
165,8.25,0.0061061503,-0.030544512,0.051093254,-0.04845512,0.0037354128,-0.003349444,-0.0034330697,-0.004180177,0.00043316607,-0.003433071,-0.004180177,0.00043316465,0.0015708388527855277,0.0674177035689354,283
166,8.3,0.0036833943,-0.03035774,0.050925784,-0.048609607,0.0034979996,-0.0032878127,-0.0030897618,-0.0047482625,0.0012326217,-0.0030897632,-0.0047482625,0.0012326203,0.0015848175389692187,0.06802286952733994,282
167,8.35,0.0012529138,-0.03018284,0.050761394,-0.048748642,0.003237635,-0.0031904718,-0.0027806868,-0.0052072955,0.0019468162,-0.0027807876,-0.005207292,0.00194671,0.001610386185348034,0.06983028911054134,258
168,8.4,-0.0011845182,-0.030020958,0.05060187,-0.048873775,0.0029595816,-0.0030617702,-0.002502662,-0.0055610645,0.0025740322,-0.002502717,-0.005561065,0.0025739763,0.0016477311728522182,0.07068387698382139,249
169,8.450000000000001,-0.003628207,-0.029872978,0.050448783,-0.048986394,0.002668863,-0.0029060578,-0.0022523983,-0.005814371,0.0031142496,-0.002252452,-0.0058143707,0.003114195,0.001697098952718079,0.06552579067647457,257
170,8.5,-0.0060775266,-0.029739534,0.05030348,-0.04908775,0.0023702213,-0.0027276448,-0.0020271586,-0.0059728334,0.0035682619,-0.0020272136,-0.005972832,0.0035682055,0.0017470706952735782,0.056740473955869675,280
171,8.55,-0.008531914,-0.029621024,0.0501671,-0.049178977,0.0020680828,-0.0025307492,-0.0018244714,-0.006042769,0.0039379117,-0.0018244982,-0.006042767,0.0039378856,0.0018079181900247931,0.056267451494932175,275
172,8.6,-0.010990863,-0.029517619,0.05004056,-0.04926108,0.0017665304,-0.0023194472,-0.001642015,-0.0060310466,0.0042260406,-0.0016420484,-0.006031044,0.004226009,0.0018695358885452151,0.05698511749505997,281
173,8.65,-0.013453917,-0.029429292,0.04992459,-0.04933497,0.0014692822,-0.0020976414,-0.0014778133,-0.005944965,0.0044361185,-0.001477845,-0.0059449626,0.0044360897,0.0019445238867774606,0.057169366627931595,274
174,8.700000000000001,-0.015920665,-0.029355828,0.049819708,-0.04940147,0.001179677,-0.0018690223,-0.0013300123,-0.005792105,0.004572381,-0.0013300627,-0.0057921,0.004572338,0.0020328538957983255,0.06323404517024755,276
175,8.75,-0.01839074,-0.029296843,0.049726255,-0.04946132,0.000900666,-0.0016370439,-0.0011969911,-0.005580219,0.004639568,-0.0011970624,-0.005580212,0.004639509,0.002134110312908888,0.061460088938474655,294
176,8.8,-0.020863805,-0.02925181,0.049644403,-0.049515184,0.00063480996,-0.0014048993,-0.0010772571,-0.0053171213,0.0046428926,-0.0010773614,-0.0053171124,0.0046428153,0.0022471228148788214,0.06454886868596077,288
177,8.85,-0.023339564,-0.029220069,0.04957416,-0.049563657,0.000384281,-0.0011755048,-0.00096948503,-0.005010579,0.004587891,-0.00096963346,-0.0050105657,0.0045877863,0.0023706890642642975,0.06674560531973839,292
178,8.9,-0.025817746,-0.029200856,0.049515385,-0.04960729,0.00015087027,-0.00095149374,-0.00087268243,-0.004668215,0.00448022,-0.0008726865,-0.0046682144,0.0044802176,0.002505403710529208,0.07066105771809816,288
179,8.950000000000001,-0.028298112,-0.029193312,0.04946781,-0.049646564,-6.400273e-05,-0.0007351902,-0.0007854069,-0.00429746,0.0043260716,-0.00078541785,-0.0042974586,0.004326065,0.002652745461091399,0.06982275564223528,290
180,9.0,-0.03078044,-0.029196512,0.04943105,-0.049681906,-0.00025927465,-0.0005286218,-0.00070681755,-0.0039054384,0.004131368,-0.00070687383,-0.0039054314,0.0041313367,0.0028133883606642485,0.07003527320921421,290
181,9.05,-0.033264536,-0.029209476,0.049404617,-0.049713653,-0.00043422708,-0.00033348915,-0.00063495786,-0.0034990488,0.0039026528,-0.0006361902,-0.0034988876,0.0039020055,0.002987480256706476,0.07081793062388897,285
182,9.1,-0.035750218,-0.029231187,0.049387943,-0.049691115,-0.000594256,-0.00012511846,0.0004507644,-0.0032005776,0.004167414,-0.0005726963,-0.0030841627,0.003643895,0.003175020683556795,0.06348532810807228,284
183,9.15,-0.038234774,-0.0292609,0.04938169,-0.049548537,-0.00074739766,0.00013174587,0.0028515477,-0.003062834,0.0051372866,-0.00061777234,-0.00265555,0.0033105258,0.003375867148861289,0.06158766150474548,289
184,9.200000000000001,-0.0407122,-0.02929827,0.049388275,-0.049325082,-0.0008900325,0.000418898,0.004469074,-0.0028526972,0.0057430426,-0.0009029284,-0.0022007022,0.002828071,0.0035418374463915825,0.06413795705884695,299
185,9.25,-0.043178454,-0.029342772,0.049409218,-0.049050532,-0.0010194489,0.00072142365,0.0054909745,-0.002588326,0.0060505127,-0.0013498366,-0.0017285811,0.002220835,0.0035532573238015175,0.06846862751990557,302
186,9.3,-0.04563098,-0.029393746,0.04944529,-0.048747577,-0.0011336749,0.0010270672,0.0060591125,-0.0022845205,0.0061128694,-0.0018989369,-0.0012472366,0.0015110658,0.003567554522305727,0.06850884854793549,289
187,9.35,-0.04806836,-0.02945043,0.049496643,-0.048433546,-0.0012313416,0.0013257304,0.0062805954,-0.001953335,0.0059732636,-0.002504848,-0.000763919,0.00071941875,0.003584529273211956,0.06262164562940598,295
188,9.4,-0.050490037,-0.029511997,0.04956293,-0.048121706,-0.0013115738,0.0016090934,0.0062368056,-0.001604644,0.005667261,-0.0031329095,-0.00028516538,-0.0001346732,0.0035896175540983677,0.079089829698205,294
189,9.450000000000001,-0.052896123,-0.029577576,0.049643386,-0.04782227,-0.0013738921,0.0018702769,0.0059887227,-0.0012463658,0.005223669,-0.0037565902,0.0001831383,-0.0010328384,0.0036010541953146458,0.07992564514279366,299
190,9.5,-0.05528724,-0.02964627,0.0497369,-0.047543153,-0.0014181341,0.0021035818,0.0055823643,-0.00088483945,0.004666098,-0.0043554604,0.0006356656,-0.0019574808,0.003625336103141308,0.07941863872110844,301
191,9.55,-0.057664394,-0.029717177,0.04984208,-0.047290552,-0.0014443811,0.0023042548,0.005052003,-0.0005249404,0.0040134615,-0.004913695,0.0010676214,-0.0028916518,0.003656350541859865,0.0787607217207551,307
192,9.600000000000001,-0.06002892,-0.029789396,0.04995729,-0.047069408,-0.0014528933,0.002468278,0.0044228584,-0.00017024307,0.0032804606,-0.0054188967,0.0014746513,-0.003818897,0.0036722414661198854,0.06839412078261375,321
193,9.65,-0.062382393,-0.02986204,0.050080705,-0.04688373,-0.0014440523,0.0025921902,0.0037135563,0.00017681952,0.0024782433,-0.0058611855,0.001852768,-0.0047230036,0.0036995327100157738,0.0655847517773509,335
194,9.700000000000001,-0.064726576,-0.029934242,0.050210316,-0.04673686,-0.0014183047,0.0026729077,0.0029374245,0.0005149509,0.0016143495,-0.006232545,0.0021983113,-0.005587904,0.0037128240801393986,0.06542358919978142,338
195,9.75,-0.06706342,-0.030005157,0.05034396,-0.046631657,-0.001376112,0.0027075612,0.0021040265,0.000843856,0.00069307245,-0.006526284,0.0025078247,-0.0063973903,0.003735706675797701,0.06465349812060595,331
196,9.8,-0.069395006,-0.030073963,0.050479338,-0.046570644,-0.0013179007,0.0026933383,0.0012202461,0.0011642247,-0.00028445994,-0.0067366883,0.0027780123,-0.007134922,0.0037643341347575188,0.0636562006548047,337
197,9.850000000000001,-0.071723536,-0.030139858,0.050614003,-0.046549655,-0.001250708,0.002623004,0.00041978646,0.0013438554,-0.0014066889,-0.006858714,0.0030056203,-0.007783361,0.003791181370615959,0.07017659395933151,326
198,9.9,-0.074051015,-0.030202392,0.050745152,-0.046568144,-0.0011691791,0.0025077935,-0.00036974077,0.001630577,-0.0023042064,-0.0069006905,0.003200709,-0.00831602,0.003804354462772608,0.0711286487057805,325
199,9.950000000000001,-0.076379426,-0.030260852,0.05087054,-0.046612468,-0.0010541758,0.00234193,-0.00088644476,0.0023000673,-0.003317268,-0.0068637133,0.003350324,-0.008741343,0.003728646319359541,0.06828129384666681,328
200,10.0,-0.07871005,-0.03031356,0.05098764,-0.046673547,-0.0009350288,0.002154715,-0.0012216336,0.0023829401,-0.0037443032,-0.0067750663,0.0034126127,-0.009036563,0.0035545979626476765,0.06773863080888987,331
201,10.05,-0.08104373,-0.030360311,0.051095374,-0.04668257,-0.00070841913,0.0019112146,-0.00018042649,0.0045321924,-0.0048700063,-0.0066529065,0.0034378646,-0.009247619,0.003389923833310604,0.06727948598563671,327
202,10.100000000000001,-0.08337785,-0.030395731,0.051190935,-0.046613168,-0.0004775356,0.0017278815,0.0013880421,0.004617671,-0.0036666603,-0.006634861,0.003218398,-0.009299295,0.003234421368688345,0.06948151718825102,320
203,10.15,-0.085708514,-0.030419609,0.05127733,-0.04649796,-0.00024901063,0.0015884836,0.0023041982,0.0045704995,-0.0027879584,-0.0067736655,0.0029337313,-0.009410434,0.003088590921834111,0.076359654776752,316
204,10.200000000000001,-0.088033415,-0.030432058,0.05135675,-0.04636194,-2.8371083e-05,0.0014792875,0.002720321,0.0044127908,-0.0021839202,-0.007004082,0.0025960673,-0.009563604,0.0029527032747864723,0.06266784388571978,320
205,10.25,-0.090351515,-0.030433478,0.051430717,-0.046224367,0.00017976208,0.0013884574,0.0027514875,0.004162663,-0.0018166027,-0.007276118,0.002217038,-0.009742329,0.002826870419085026,0.06284515094012022,332
206,10.3,-0.09266273,-0.03042449,0.05150014,-0.04610009,0.000371523,0.0013056023,0.0024854809,0.0038352183,-0.0016571034,-0.0075512677,0.0018078685,-0.009930497,0.002711090724915266,0.06270702183246613,330
207,10.350000000000001,-0.09496773,-0.030405914,0.05156542,-0.046000633,0.0005436699,0.0012214002,0.0019891504,0.003442939,-0.0016840396,-0.007799819,0.0013794103,-0.010111909,0.0026052920147776604,0.062068160623311996,329
208,10.4,-0.09726776,-0.030378731,0.05162649,-0.04593494,0.0006934757,0.001127296,0.00131383,0.0029961155,-0.0018820838,-0.007998735,0.0009422356,-0.010269895,0.00250935647636652,0.06173262093216181,335
209,10.450000000000001,-0.09956451,-0.030344058,0.051682852,-0.045840774,0.00087912584,0.0010081617,0.0018833749,0.003713003,-0.0023826868,-0.008130118,0.00050670677,-0.010387031,0.0024193166755139828,0.06550151482224464,333
210,10.5,-0.101856545,-0.030300101,0.05173326,-0.045752138,0.0010432445,0.00090649625,0.0017726828,0.0032823738,-0.002033309,-0.008318454,-3.7959195e-05,-0.01043058,0.0023381386417895555,0.06558391824364662,342
211,10.55,-0.10414415,-0.03024794,0.051778585,-0.045686483,0.0011801851,0.0008080064,0.0013131221,0.0027388132,-0.0019697975,-0.008495726,-0.0005859793,-0.010479284,0.0022669543977826834,0.06800916884094477,342
212,10.600000000000001,-0.106428474,-0.030188931,0.051818985,-0.04565626,0.0012857638,0.0007006823,0.00060445385,0.0021115746,-0.0021464815,-0.008627035,-0.0011206681,-0.010508932,0.00220571574755013,0.06555698346346617,342
213,10.65,-0.10871129,-0.030124644,0.051854018,-0.04567014,0.0013569493,0.0005742995,-0.0002776334,0.0014237101,-0.0025276565,-0.008687481,-0.0016268685,-0.010496289,0.0021543283946812153,0.05697487108409405,331
214,10.700000000000001,-0.11099479,-0.030056797,0.051882733,-0.045733828,0.0013916348,0.00042009074,-0.0012737772,0.00069371023,-0.003084175,-0.00865972,-0.0020906762,-0.010418685,0.002112678252160549,0.09562262613326311,330
215,10.75,-0.11328149,-0.029987216,0.051903736,-0.045711067,0.0013035076,0.00020394626,0.000455194,-0.0017625435,-0.0043228897,-0.008532345,-0.0024992814,-0.010253841,0.0020806349348276854,0.05876171588897705,336
216,10.8,-0.11556704,-0.02992204,0.051913932,-0.04558865,0.0012170405,8.37254e-05,0.0024483004,-0.0017293418,-0.0024044171,-0.008577868,-0.0026709319,-0.009926569,0.0020580803975462914,0.05733057949692011,342
217,10.850000000000001,-0.117846474,-0.029861188,0.05191812,-0.045405123,0.001131418,3.7797316e-05,0.0036704924,-0.0017124477,-0.0009185616,-0.008822702,-0.0028238767,-0.009737106,0.0020453480537980795,0.0578764583915472,349
218,10.9,-0.12011673,-0.029804617,0.051920008,-0.045189716,0.001046123,4.7866197e-05,0.004308117,-0.001705901,0.00020137761,-0.009189755,-0.002956895,-0.009666188,0.002042285865172744,0.058544485829770565,373
219,10.950000000000001,-0.12237622,-0.02975231,0.0519224,-0.044964615,0.000960848,9.827039e-05,0.004501994,-0.0017055,0.0010080838,-0.00962057,-0.0030691568,-0.009695768,0.002047487534582615,0.0664172200486064,393
220,11.0,-0.124624446,-0.029704267,0.051927313,-0.04474668,0.0008754265,0.00017543777,0.0043587354,-0.0017084301,0.0015433474,-0.010070771,-0.003160141,-0.009808535,0.0020593490917235613,0.059484570287168026,399
221,11.05,-0.12686178,-0.029660495,0.051936086,-0.044552438,0.0007699251,0.00028742984,0.0038848105,-0.0021100286,0.0022398413,-0.010506645,-0.0032295138,-0.009987438,0.00207869173027575,0.0614458741620183,411
222,11.100000000000001,-0.1290894,-0.029621998,0.05195046,-0.04438138,0.00066750764,0.00040566095,0.0034211364,-0.002048349,0.0023646224,-0.010895126,-0.0032373718,-0.0102552865,0.002107037231326103,0.058791195042431355,417
223,11.15,-0.13130847,-0.029588623,0.051970743,-0.04424587,0.0005681571,0.00051630393,0.0027102411,-0.00198701,0.0022128595,-0.011237241,-0.003225023,-0.01056361,0.002145159989595413,0.0599240530282259,421
224,11.200000000000001,-0.13352075,-0.029560216,0.05199656,-0.04415553,0.00047169728,0.00060689583,0.0018067699,-0.001929197,0.0018118375,-0.011508264,-0.003193196,-0.010886317,0.002179276430979371,0.05967959854751825,410
225,11.25,-0.13572852,-0.029536631,0.052026905,-0.044117544,0.0003778054,0.00066633074,0.00075974106,-0.0018778373,0.0011886986,-0.01168894,-0.0031423122,-0.011196582,0.0022171479649841785,0.058850415982306004,399
226,11.3,-0.1379344,-0.02951774,0.05206022,-0.04413693,0.00028603114,0.0006847751,-0.00038769635,-0.0018354855,0.0003688875,-0.011764914,-0.0030724527,-0.011467183,0.002204397926107049,0.059236195869743824,407
227,11.350000000000001,-0.14014125,-0.029503439,0.05209446,-0.044204235,0.00020692707,0.0006551844,-0.0013461267,-0.0015820811,-0.0005918146,-0.011726141,-0.0029833587,-0.011670649,0.002174745313823223,0.05903027579188347,402
228,11.4,-0.14235146,-0.029493092,0.05212722,-0.044323605,0.00012702912,0.0005834177,-0.0023874077,-0.0015979588,-0.0014353328,-0.011591531,-0.0028966577,-0.011782663,0.0021545577328652143,0.05970975290983915,406
229,11.450000000000001,-0.14456764,-0.02948674,0.05215639,-0.04444223,6.493219e-05,0.00045585388,-0.0023725238,-0.0012419387,-0.0025512765,-0.011352792,-0.0027885968,-0.01180293,0.0021436610259115696,0.05871564615517855,423
230,11.5,-0.14678974,-0.029483493,0.05217918,-0.044588286,4.2125866e-06,0.0003149091,-0.002921123,-0.001214392,-0.0028188953,-0.011115544,-0.0026961612,-0.011693647,0.00214187940582633,0.05967683997005224,423
231,11.55,-0.14901915,-0.029483283,0.052194927,-0.044770926,-5.711441e-05,0.00014787266,-0.0036528236,-0.0012265398,-0.0033407286,-0.010823429,-0.0025909548,-0.011525715,0.002149208914488554,0.06004987936466932,417
232,11.600000000000001,-0.1512577,-0.029486138,0.05220232,-0.04499678,-0.00012095102,-5.723581e-05,-0.004517048,-0.0012767323,-0.0041021695,-0.010458149,-0.002469353,-0.011270376,0.002165570855140686,0.05944564286619425,400
233,11.65,-0.15350753,-0.029492186,0.05219946,-0.045221385,-0.00015154049,-0.00028397108,-0.0044920873,-0.0006117892,-0.0045347055,-0.010006443,-0.0023274026,-0.0108971335,0.0021907049231231213,0.05900843534618616,393
234,11.700000000000001,-0.1557686,-0.029499764,0.052185263,-0.045443248,-0.00017966895,-0.0004935071,-0.004437268,-0.0005625692,-0.0041907197,-0.009557232,-0.002235984,-0.010429356,0.0022149260621517897,0.05930319149047136,378
235,11.75,-0.15804076,-0.029508747,0.052160587,-0.045670185,-0.00020810634,-0.00069523085,-0.0045387596,-0.00056874804,-0.0040344754,-0.0091135055,-0.0021418408,-0.0099393,0.002248247852548957,0.05988777615129948,364
236,11.8,-0.16032428,-0.029519152,0.052125826,-0.04590787,-0.00023935681,-0.00089791056,-0.004753689,-0.00062500936,-0.0040535945,-0.008659631,-0.0020400481,-0.009412471,0.0022911473643034697,0.059426250867545605,359
237,11.850000000000001,-0.16261967,-0.02953112,0.05208093,-0.04616194,-0.0002763325,-0.0011124372,-0.0050813495,-0.0007395132,-0.004290533,-0.008184262,-0.0019255235,-0.008833308,0.002343784784898162,0.059901884756982327,354
238,11.9,-0.16492777,-0.029544936,0.052025307,-0.04643945,-0.00032297947,-0.0013546159,-0.0055502397,-0.0009329397,-0.004843574,-0.0076761246,-0.0017917347,-0.008179769,0.002270790981128812,0.05894035752862692,316
239,11.950000000000001,-0.16724974,-0.029561086,0.051957577,-0.04674851,-0.0003843371,-0.0016460168,-0.0061812266,-0.0012271528,-0.0058280183,-0.007121101,-0.0016293554,-0.007417299,0.0021894348319619894,0.05868151597678661,327
240,12.0,-0.16958717,-0.029580303,0.05187528,-0.046868294,-0.0005278294,-0.0018363545,-0.0023956455,-0.0028698458,-0.0038067522,-0.0065029785,-0.0014258944,-0.00649585,0.002116786316037178,0.059043144807219505,309
241,12.05,-0.17193058,-0.029606694,0.05178346,-0.04682985,-0.0007037071,-0.0018853329,0.0007688866,-0.003517554,-0.0009795673,-0.0062634125,-0.0010428252,-0.0057036793,0.0020536917727440596,0.05737164430320263,289
242,12.100000000000001,-0.17427208,-0.02964188,0.051689193,-0.046689488,-0.0008928001,-0.0018272022,0.0028072651,-0.0037818598,0.0011626135,-0.0063403025,-0.00055911066,-0.0051466357,0.002001020824536681,0.05736242886632681,287
243,12.15,-0.17660655,-0.02968652,0.051597834,-0.046487626,-0.0010810412,-0.0016891318,0.004037238,-0.0037648224,0.0027614064,-0.0066210255,-4.997826e-06,-0.004791555,0.0019593227189034224,0.05806747451424599,289
244,12.200000000000001,-0.17893094,-0.029740572,0.051513378,-0.04625342,-0.0012581385,-0.0014930756,0.004684143,-0.0035419445,0.003921125,-0.00702475,0.0005946851,-0.0046109008,0.0019289235351607203,0.057373156771063805,301
245,12.25,-0.18124361,-0.02980348,0.051438723,-0.045991678,-0.0013929771,-0.0012680314,0.0052348296,-0.0026967728,0.004500884,-0.0074931607,0.0012191401,-0.0045807324,0.0019099946366623044,0.0572422556579113,295
246,12.3,-0.18354319,-0.029873127,0.051375322,-0.045627017,-0.0014152456,-0.0010398882,0.0072931885,-0.0004453696,0.0045628645,-0.008016646,0.001803353,-0.004657547,0.001902554533444345,0.06256037671118975,292
247,12.350000000000001,-0.18582454,-0.029943889,0.05132333,-0.04523592,-0.0014276272,-0.00076690514,0.007821932,-0.00024763096,0.0054596616,-0.008745968,0.00219613,-0.00479683,0.001906477496959269,0.06079046707600355,297
248,12.4,-0.18808635,-0.030015271,0.051284984,-0.044837333,-0.0014284876,-0.00046378773,0.007971728,-1.7209633e-05,0.006062348,-0.00952816,0.0025747027,-0.005082827,0.0019217351218685508,0.06704049184918404,313
249,12.450000000000001,-0.19032821,-0.030086696,0.051261794,-0.04444481,-0.0014169668,-0.00014267728,0.007850466,0.00023041683,0.0064222086,-0.010325335,0.0029333343,-0.005497339,0.0019481793278828263,0.06804783176630735,327
250,12.5,-0.19255045,-0.030157544,0.05125466,-0.044068024,-0.0013927869,0.00018631501,0.0075357673,0.00048359894,0.0065798457,-0.01111038,0.0032674177,-0.006023611,0.0019795396365225315,0.07704706862568855,340
251,12.55,-0.19475386,-0.030227182,0.051263977,-0.043713856,-0.0013561056,0.0005147078,0.007083344,0.0007336261,0.0065678563,-0.011863954,0.0035732957,-0.0066459253,0.0020182502921670675,0.07570826727896929,341
252,12.600000000000001,-0.19693954,-0.030294988,0.05128971,-0.04338721,-0.0013074019,0.00083534187,0.0065329173,0.0009740721,0.006412681,-0.0125722885,0.0038481266,-0.0073492965,0.0020635470282286406,0.05772824585437775,339
253,12.65,-0.1991089,-0.030360358,0.05133148,-0.043091588,-0.0012473869,0.001142136,0.005912464,0.0012003012,0.0061358833,-0.013225578,0.0040897485,-0.008119236,0.0021109378430992365,0.057615834288299084,355
254,12.700000000000001,-0.20126347,-0.030422727,0.051388584,-0.042829517,-0.001176934,0.0014298906,0.005241433,0.0014090575,0.005755092,-0.013816826,0.0042965664,-0.008941663,0.002158320741727948,0.058439215645194054,358
255,12.75,-0.20340495,-0.030481573,0.05146008,-0.04260287,-0.0010970217,0.0016941223,0.0045328983,0.0015982449,0.005284633,-0.014340967,0.0044675046,-0.009802697,0.002203822834417224,0.057876395992934704,359
256,12.8,-0.2055351,-0.030536424,0.051544785,-0.042413086,-0.001008691,0.0019309322,0.0037956776,0.0017666153,0.0047361967,-0.01479426,0.0046019126,-0.01068864,0.0022594830952584743,0.059188174083828926,357
257,12.850000000000001,-0.20765576,-0.03058686,0.051641334,-0.042261325,-0.00091300864,0.0021368822,0.0030352473,0.0019136479,0.0041189985,-0.01517383,0.0046995073,-0.011585789,0.0023250828962773085,0.059858907014131546,353
258,12.9,-0.20976882,-0.030632509,0.05174818,-0.042148586,-0.00081103935,0.0023088797,0.0022547885,0.0020393853,0.0034399533,-0.015477352,0.0047603166,-0.01248043,0.002398987300693989,0.05888574291020632,361
259,12.950000000000001,-0.21187624,-0.03067306,0.051863622,-0.042075794,-0.00070382335,0.0024440703,0.001455824,0.0021443206,0.0027038115,-0.015702829,0.004784627,-0.013358651,0.0024790908209979534,0.05907438788563013,352
260,13.0,-0.21398003,-0.030708252,0.051985826,-0.042043846,-0.0005923591,0.0025397355,0.0006389484,0.0022292843,0.0019133029,-0.015848413,0.0047729528,-0.014206246,0.0025686612352728844,0.05824872385710478,354
261,13.05,-0.21608223,-0.03073787,0.052112814,-0.042053644,-0.00047759077,0.0025931813,-0.0001959338,0.0022953665,0.0010689147,-0.01591231,0.0047259796,-0.015008599,0.0026675567496567965,0.058971949853003025,349
262,13.100000000000001,-0.21818492,-0.030761749,0.052242473,-0.0421061,-0.00036040042,0.002601633,-0.00104908,0.002343807,0.00016903617,-0.015892714,0.0046445318,-0.015750429,0.0027756604831665754,0.05863083899021149,339
263,13.15,-0.22029023,-0.030779768,0.052372556,-0.04220215,-0.00024160164,0.0025621045,-0.0019209757,0.0023759755,-0.00079057075,-0.015787803,0.004529547,-0.016415626,0.0027924864552915096,0.0590024720877409,348
264,13.200000000000001,-0.22240034,-0.030791847,0.05250066,-0.042342726,-0.000121940306,0.0024712784,-0.002811527,0.0023932266,-0.0018165193,-0.015595704,0.004382046,-0.016986987,0.00275053596124053,0.06029016897082329,359
265,13.25,-0.22451748,-0.030797943,0.052624226,-0.042528734,-2.096771e-06,0.0023253593,-0.003720159,0.0023968706,-0.002918382,-0.015314549,0.0042031193,-0.01744586,0.0027101198211312294,0.060611044988036156,366
266,13.3,-0.22664392,-0.030798048,0.052740492,-0.04276104,0.00011731287,0.0021198613,-0.004646137,0.0023881928,-0.0041099605,-0.014942534,0.0039939145,-0.017771844,0.002667094813659787,0.06157003156840801,376
267,13.350000000000001,-0.22878197,-0.030792182,0.052846484,-0.043040413,0.00023572589,0.0018494047,-0.005587473,0.0023682604,-0.0054091336,-0.0144779235,0.0037556165,-0.017942179,0.0026213389355689287,0.0628811176866293,390
268,13.4,-0.230934,-0.030780395,0.052938953,-0.04333937,0.00037462654,0.0014908932,-0.0059791887,0.002778013,-0.0071702288,-0.013919175,0.0034894631,-0.017931227,0.0025824191980063915,0.06339364498853683,389
269,13.450000000000001,-0.23310097,-0.030761665,0.053013496,-0.043521542,0.000498988,0.001080603,-0.0036434182,0.0024872294,-0.008205803,-0.013321258,0.0031527276,-0.017676547,0.002548533957451582,0.05868471786379814,385
270,13.5,-0.23527704,-0.030736715,0.053067528,-0.043666966,0.0005885988,0.000734719,-0.0029084575,0.0017922153,-0.006917679,-0.012956917,0.002810351,-0.017228682,0.002516520908102393,0.0645407885313034,371
271,13.55,-0.23746039,-0.030707285,0.053104263,-0.043748382,0.00072553946,0.00041719494,-0.00162834,0.0027388139,-0.0063504805,-0.012666069,0.002506379,-0.016807072,0.0024718549102544785,0.06035270914435387,335
272,13.600000000000001,-0.2396478,-0.030671008,0.05312512,-0.04381606,0.0008423805,0.0001518543,-0.0013535812,0.0023368206,-0.0053068125,-0.0125032365,0.0020853486,-0.0163557,0.0024334394838660955,0.06308542471379042,322
273,13.65,-0.2418386,-0.03062889,0.053132713,-0.043863527,0.0007982893,-8.846795e-05,-0.0009493602,-0.0008818245,-0.004806445,-0.012367882,0.0016702819,-0.015929308,0.0023908501025289297,0.0648517245426774,327
274,13.700000000000001,-0.24403179,-0.030588975,0.05312829,-0.04389925,0.00074272836,-0.00027462782,-0.0007144462,-0.0011112187,-0.0037231976,-0.012272947,0.0015478738,-0.015486624,0.0023491019383072853,0.06145554315298796,339
275,13.75,-0.24622674,-0.03055184,0.05311456,-0.043943807,0.0006816086,-0.00042686219,-0.0008911325,-0.0012223942,-0.0030446872,-0.012201503,0.0014594225,-0.015092196,0.0023085090797394514,0.06500956043601036,337
276,13.8,-0.24842393,-0.030517759,0.053093217,-0.044012427,0.00061997905,-0.0005629658,-0.0013724249,-0.0012325916,-0.0027220729,-0.0121123865,0.0013959841,-0.014719069,0.002273906022310257,0.0601290687918663,337
277,13.850000000000001,-0.25062457,-0.03048676,0.05306507,-0.04411624,0.00056217395,-0.0006988751,-0.00207625,-0.0011561016,-0.0027181862,-0.011975147,0.0013488391,-0.014340151,0.002242780989035964,0.06334331724792719,318
278,13.9,-0.2528304,-0.030458651,0.053030126,-0.04426323,0.00051194226,-0.0008491987,-0.0029397693,-0.0010046335,-0.003006472,-0.0117675215,0.0013094586,-0.013927592,0.0022032498382031918,0.06508708279579878,310
279,13.950000000000001,-0.25504354,-0.030433055,0.052987665,-0.044458922,0.00047254656,-0.0010276564,-0.0039138813,-0.0007879139,-0.0035691538,-0.011473544,0.0012693764,-0.013452228,0.002168848644942045,0.06177154742181301,306
280,14.0,-0.2572665,-0.030409427,0.052936282,-0.044670705,0.000490845,-0.0012646329,-0.004235638,0.00036596906,-0.004739532,-0.0110821575,0.0012201853,-0.0128830075,0.0021260257344692945,0.06415116786956787,299
281,14.05,-0.25950003,-0.030384885,0.05287305,-0.04472498,0.0006193101,-0.0014554482,-0.0010855052,0.002569302,-0.0038163052,-0.010658592,0.0010654503,-0.012152141,0.002085780492052436,0.06477147154510021,305
282,14.100000000000001,-0.26173627,-0.03035392,0.052800275,-0.0447206,0.00073819037,-0.001548632,8.750971e-05,0.0023776044,-0.001863676,-0.0105500445,0.0006858088,-0.011454344,0.0020540375262498856,0.05990378372371197,295
283,14.15,-0.2639723,-0.03031701,0.052722845,-0.044677492,0.00083822606,-0.0015851026,0.00086215144,0.0020007142,-0.0007294116,-0.010558799,0.00029322528,-0.010904109,0.00203133886680007,0.06027148012071848,288
284,14.200000000000001,-0.26620618,-0.030275099,0.05264359,-0.044352777,0.0008255952,-0.0018460606,0.0064942935,-0.00025261624,-0.00521916,-0.010645017,-9.139697e-05,-0.010444017,0.0020081931725144386,0.05959244258701801,293
285,14.25,-0.26842383,-0.030233819,0.05255129,-0.043827653,0.0007297404,-0.0022607546,0.010502469,-0.0019170961,-0.00829388,-0.011294447,-0.0002756922,-0.009525824,0.001987812574952841,0.06010496336966753,276
286,14.3,-0.27061522,-0.030197332,0.05243825,-0.04316641,0.00061075523,-0.002626081,0.013224869,-0.0023797043,-0.007306526,-0.012344696,-0.0002903823,-0.008234927,0.0019735314417630434,0.062460984103381634,268
287,14.350000000000001,-0.27277353,-0.030166794,0.052306946,-0.042415,0.0004798181,-0.0029210963,0.015028171,-0.0026187424,-0.005900304,-0.013667181,-0.0002348487,-0.0069390927,0.0019624580163508654,0.05893809348344803,264
288,14.4,-0.2748943,-0.030142803,0.052160893,-0.041606355,0.00034109154,-0.003149255,0.016172884,-0.0027745308,-0.0045631723,-0.0151700005,-0.00012566475,-0.005692536,0.0019449071260169148,0.06089103780686855,269
289,14.450000000000001,-0.27697462,-0.030125748,0.05200343,-0.040763896,0.00019801444,-0.0033143167,0.016849201,-0.002861542,-0.0033012356,-0.01678729,3.1834003e-05,-0.004505949,0.0019325163448229432,0.060668948106467724,276
290,14.5,-0.2790128,-0.030115848,0.051837713,-0.039904013,5.3434545e-05,-0.0034203222,0.017197654,-0.002891598,-0.0021201095,-0.01847221,0.00023271631,-0.0033885045,0.0019227633019909263,0.06027599889785051,295
291,14.55,-0.281008,-0.030113177,0.051666696,-0.03903792,-9.028842e-05,-0.0034715605,0.017321853,-0.0028744594,-0.001024767,-0.020191975,0.00047237633,-0.0023479145,0.0019126898841932416,0.06848966330289841,308
292,14.600000000000001,-0.2829599,-0.030117692,0.05149312,-0.038173035,-0.00023120017,-0.003472526,0.017297737,-0.002818235,-1.9312905e-05,-0.02192416,0.00074646703,-0.0013903531,0.0019003552151843905,0.06032153312116861,321
293,14.65,-0.28486857,-0.030129252,0.051319495,-0.037314054,-0.00036768112,-0.0034278755,0.017179638,-0.002729619,0.0008930126,-0.023653932,0.0010508659,-0.00052054133,0.0018811373738572001,0.06103921961039305,323
294,14.700000000000001,-0.28673428,-0.030147636,0.0511481,-0.036463846,-0.0004983836,-0.0033423817,0.01700419,-0.0026140497,0.0017098755,-0.025371898,0.0013816257,0.00025828043,0.0018692949088290334,0.0625800397247076,334
295,14.75,-0.28855747,-0.030172555,0.05098098,-0.035624206,-0.00062217313,-0.0032208934,0.01679277,-0.002475791,0.0024297624,-0.027072307,0.001734952,0.00094425865,0.0018645344534888864,0.06074507534503937,333
296,14.8,-0.2903387,-0.030203663,0.050819937,-0.034796506,-0.000738082,-0.0030682958,0.016553966,-0.0023181771,0.003051954,-0.02875159,0.0021071234,0.0015368834,0.0018665565876290202,0.06070012412965298,337
297,14.850000000000001,-0.29207852,-0.030240567,0.050666522,-0.033982083,-0.000845285,-0.0028894665,0.016288426,-0.0021440608,0.0035765874,-0.03040699,0.0024944814,0.0020369096,0.0018733717733994126,0.061024315655231476,347
298,14.9,-0.2937776,-0.03028283,0.050522048,-0.03318241,-0.0009431015,-0.0026892272,0.015993504,-0.0019563292,0.004004786,-0.032035835,0.0028934106,0.0024463255,0.0018836160888895392,0.06654371228069067,344
299,14.950000000000001,-0.29543674,-0.030329986,0.050387587,-0.032399245,-0.0010309964,-0.0024722987,0.015663281,-0.0017578996,0.0043385713,-0.033635188,0.0033003604,0.002768218,0.0018994343699887395,0.06588269118219614,352
300,15.0,-0.2970567,-0.030381536,0.05026397,-0.031636424,-0.001108406,-0.0022433072,0.015256382,-0.0015481912,0.0045798314,-0.035201512,0.003711924,0.003006664,0.00192040775436908,0.06068722251802683,352
301,15.05,-0.29863852,-0.030436957,0.050151806,-0.030893907,-0.0011753564,-0.002006549,0.014850363,-0.0013390084,0.0047351657,-0.036727153,0.004124496,0.0031667626,0.0019461129559203982,0.06332478113472462,357
302,15.100000000000001,-0.3001832,-0.030495726,0.05005148,-0.030170737,-0.0012321647,-0.0017660437,0.014463391,-0.001136165,0.0048101046,-0.038212188,0.0045355028,0.00325407,0.001976142404600978,0.06214155629277229,361
303,15.15,-0.30169174,-0.030557334,0.04996318,-0.02946514,-0.0012794115,-0.0015254947,0.014111921,-0.00094493694,0.00481098,-0.039658524,0.0049429606,0.0032746885,0.00200892286375165,0.061969381757080555,379
304,15.200000000000001,-0.303165,-0.030621305,0.049886905,-0.028774884,-0.0013178727,-0.0012882608,0.013805144,-0.0007692238,0.004744678,-0.041069724,0.005345498,0.0032350933,0.002039276761934161,0.06576429028064013,432
305,15.25,-0.30460373,-0.030687198,0.04982249,-0.02809778,-0.0013484258,-0.0010573409,0.013542071,-0.0006110617,0.004618399,-0.042450238,0.005742274,0.003142002,0.002070941962301731,0.06526651978492737,446
306,15.3,-0.3060086,-0.03075462,0.049769625,-0.02743215,-0.0013719599,-0.0008353674,0.013312633,-0.00047068362,0.004439469,-0.043804444,0.006132845,0.0030022322,0.0021010024938732386,0.06421065237373114,461
307,15.350000000000001,-0.30738023,-0.030823218,0.049727857,-0.026777003,-0.001389318,-0.00062460563,0.013102917,-0.00034716268,0.004215236,-0.0451357,0.0065170247,0.0028226133,0.002134207170456648,0.06330671813338995,462
308,15.4,-0.30871907,-0.030892683,0.049696628,-0.026132023,-0.0014012741,-0.00042695634,0.012899601,-0.00023912273,0.003952986,-0.04644599,0.006894728,0.0026099295,0.002169230720028281,0.06319801229983568,467
309,15.450000000000001,-0.31002566,-0.030962747,0.04967528,-0.025497366,-0.0014085339,-0.00024396638,0.012693127,-0.0001451961,0.003659799,-0.04773595,0.0072659673,0.0023707764,0.0021959550213068724,0.062013788148760796,485
310,15.5,-0.31130052,-0.031033173,0.04966308,-0.024873488,-0.0014117464,-7.6842334e-05,0.012477571,-6.424848e-05,0.0033424809,-0.049005266,0.0076308046,0.0021115446,0.0022222327534109354,0.07188883516937494,483
311,15.55,-0.3125442,-0.03110376,0.04965924,-0.024260934,-0.0014115203,7.352959e-05,0.012251058,4.5213715e-06,0.0030074385,-0.050253026,0.007989362,0.0018382797,0.002249435754492879,0.07385166734457016,490
312,15.600000000000001,-0.31375724,-0.031174336,0.049662918,-0.023660244,-0.0014084361,0.00020656336,0.012013813,6.168421e-05,0.0026606754,-0.051478136,0.008341844,0.0015567397,0.002278378000482917,0.06737618148326874,481
313,15.65,-0.31494024,-0.031244757,0.049673244,-0.023071881,-0.0014030518,0.00032194887,0.011767266,0.000107687054,0.0023077102,-0.052679516,0.008688554,0.0012722877,0.0023000268265604973,0.06824986636638641,480
314,15.700000000000001,-0.31609383,-0.03131491,0.04968934,-0.022496197,-0.0013959081,0.00041962718,0.011513671,0.00014287481,0.0019535662,-0.053856242,0.00902989,0.0009898841,0.002309525152668357,0.06240709312260151,464
315,15.75,-0.31721863,-0.031384706,0.049710322,-0.021933425,-0.0013875307,0.00049976446,0.011255432,0.00016754713,0.0016027462,-0.055007603,0.009366367,0.0007140427,0.0022838949225842953,0.06185345537960529,475
316,15.8,-0.3183153,-0.031454083,0.04973531,-0.021383697,-0.0013784283,0.0005627273,0.010994576,0.00018204868,0.0012592559,-0.056133147,0.009698598,0.00044886395,0.002177948597818613,0.06424989830702543,482
317,15.850000000000001,-0.3193845,-0.031523004,0.04976345,-0.02084704,-0.0013690944,0.0006090568,0.010733158,0.00018667913,0.0009265906,-0.05723261,0.010027273,0.00019799208,0.002077047247439623,0.059631614945828915,494
318,15.9,-0.32042685,-0.03159146,0.049793903,-0.020323412,-0.0013600017,0.00063944503,0.010472538,0.00018185162,0.00060776446,-0.058305927,0.010353213,-3.535254e-05,0.001980942441150546,0.06023485120385885,493
319,15.950000000000001,-0.32144302,-0.03165946,0.049825873,-0.019812718,-0.001351603,0.00065471005,0.010213895,0.00016797538,0.00030530058,-0.05935318,0.010677308,-0.00024840026,0.0018893989035859704,0.060313050635159016,498
320,16.0,-0.32243365,-0.031727042,0.049858607,-0.01931482,-0.0013443264,0.0006557744,0.009957945,0.00014553063,2.128596e-05,-0.060374565,0.011000518,-0.0004387825,0.0018021875293925405,0.06039769574999809,491
321,16.05,-0.3233994,-0.031794257,0.049891397,-0.018829554,-0.0013385775,0.0006436405,0.009705316,0.00011497785,-0.0002426772,-0.061370365,0.011323867,-0.0006045818,0.0017190914368256927,0.05947658699005842,485
322,16.1,-0.32434088,-0.031861186,0.04992358,-0.01835674,-0.0013347353,0.00061937113,0.009456292,7.684318e-05,-0.00048538842,-0.062340893,0.011648446,-0.0007442641,0.0016399044543504715,0.058667056262493134,488
323,16.150000000000002,-0.32525873,-0.031927925,0.04995455,-0.017896181,-0.0013331526,0.0005840697,0.009211175,3.165261e-05,-0.000706029,-0.06328652,0.011975404,-0.00085663924,0.0015644290251657367,0.06000076048076153,485
324,16.2,-0.32615355,-0.03199458,0.04998375,-0.017447691,-0.0013341545,0.0005388623,0.008969798,-2.0038042e-05,-0.0009041478,-0.064207636,0.012305932,-0.00094087806,0.0014924805145710707,0.05995217617601156,492
325,16.25,-0.32702592,-0.03206129,0.050010692,-0.017011087,-0.001338039,0.0004848807,0.008732069,-7.7689416e-05,-0.0010796321,-0.06510462,0.012641219,-0.000996476,0.0014238812727853656,0.05994892679154873,492
