gaussian_id,mean_x,mean_y,mean_z,scale_x,scale_y,scale_z,max_scale,min_scale,mean_scale,anisotropy,volume_proxy,opacity,distance_to_scene_center,color_or_sh_norm,rotation_q0,rotation_q1,rotation_q2,rotation_q3
0,-2.4342751502990723,2.936413288116455,4.40771484375,0.10269258916378021,0.10269258916378021,0.10269258916378021,0.10269258916378021,0.10269258916378021,0.10269258916378021,1.0,0.0010829722072043392,0.10000000149011612,5.4536620814979155,1.1034903526306152,-0.27830448746681213,0.40809366106987,0.30691564083099365,-0.8135164380073547
1,3.694044351577759,0.6771528720855713,2.410940647125244,0.17985357344150543,0.17985357344150543,0.17985357344150543,0.17985357344150543,0.17985357344150543,0.17985357344150543,1.0,0.005817778913372832,0.10000000149011612,4.350868469894942,1.1236786842346191,-0.7326827049255371,0.6497113704681396,0.17303302884101868,0.10540767759084702
2,-0.5863642692565918,-2.030791759490967,3.316854953765869,0.21948198974132538,0.21948198974132538,0.21948198974132538,0.21948198974132538,0.21948198974132538,0.21948198974132538,1.0,0.010572961872294895,0.10000000149011612,3.507183892532839,1.1120113134384155,0.5355050563812256,0.7749317288398743,-0.33569270372390747,-0.005054291803389788
3,4.51554536819458,-4.247341156005859,3.8601369857788086,0.12225328385829926,0.12225328385829926,0.12225328385829926,0.12225328385829926,0.12225328385829926,0.12225328385829926,1.0,0.0018271811269825373,0.10000000149011612,7.12669531592982,1.2110687494277954,0.14195504784584045,-0.30376091599464417,0.4504634439945221,-0.8274422883987427
4,0.832095742225647,-1.6235226392745972,3.089749813079834,0.19929172098636627,0.19929172098636627,0.19929172098636627,0.19929172098636627,0.19929172098636627,0.19929172098636627,1.0,0.007915307158545989,0.10000000149011612,3.212300698786954,1.0440564155578613,0.7287504076957703,0.6172354817390442,-0.2771170437335968,0.10559045523405075
5,2.104287624359131,4.464110851287842,2.8902978897094727,0.234105184674263,0.234105184674263,0.234105184674263,0.234105184674263,0.234105184674263,0.234105184674263,1.0,0.012830190244034199,0.10000000149011612,5.584917468337554,1.1465195417404175,0.17036154866218567,-0.47296348214149475,-0.7888476252555847,0.35355624556541443
6,-1.9318026304244995,-3.8351142406463623,4.102694511413574,0.2158057987689972,0.2158057987689972,0.2158057987689972,0.2158057987689972,0.2158057987689972,0.2158057987689972,1.0,0.010050538473523414,0.10000000149011612,5.556121641360695,1.1519591808319092,0.11780982464551926,0.8638539910316467,-0.47103092074394226,0.13419027626514435
7,3.034619092941284,-1.1865031719207764,2.8602294921875,0.12063587456941605,0.12063587456941605,0.12063587456941605,0.12063587456941605,0.12063587456941605,0.12063587456941605,1.0,0.0017556155996345415,0.10000000149011612,4.130735297605909,1.1325806379318237,0.21684636175632477,0.628010630607605,0.7047170400619507,0.24890610575675964
8,1.0570377111434937,-1.2747937440872192,2.980347156524658,0.17661821842193604,0.17661821842193604,0.17661821842193604,0.17661821842193604,0.17661821842193604,0.17661821842193604,1.0,0.005509427836234147,0.10000000149011612,3.042813009058434,1.1422148942947388,-0.5158876180648804,-0.7510169744491577,0.25593191385269165,0.3230052590370178
9,-4.376060485839844,-3.183690309524536,4.998044490814209,0.23310445249080658,0.23310445249080658,0.23310445249080658,0.23310445249080658,0.23310445249080658,0.23310445249080658,1.0,0.012666356491275468,0.10000000149011612,6.961073326031977,1.1556835174560547,0.04318086430430412,0.7170478105545044,-0.6110966205596924,-0.3324737250804901
10,-1.7114871740341187,-3.946404457092285,4.192349433898926,0.229396790266037,0.229396790266037,0.229396790266037,0.229396790266037,0.229396790266037,0.229396790266037,1.0,0.012071521460503352,0.10000000149011612,5.62511366953781,1.1571546792984009,0.4379615783691406,0.7348344326019287,-0.4515220522880554,-0.2536452114582062
11,1.4305531978607178,-1.092219352722168,1.9466155767440796,0.30145925283432007,0.30145925283432007,0.30145925283432007,0.30145925283432007,0.30145925283432007,0.30145925283432007,1.0,0.027395917849577914,0.10000000149011612,2.394554654817699,1.1474086046218872,0.7872174978256226,0.017764577642083168,0.5922808051109314,-0.1708115041255951
12,-0.8633667230606079,1.0443484783172607,2.58125901222229,0.25308358669281006,0.25308358669281006,0.25308358669281006,0.25308358669281006,0.25308358669281006,0.25308358669281006,1.0,0.016210333205376265,0.10000000149011612,2.4908262882325,0.9328114986419678,-0.533966064453125,0.5539005994796753,-0.549853503704071,-0.3251698613166809
13,-0.7501029968261719,-2.290621280670166,4.294733047485352,0.10175628960132599,0.10175628960132599,0.10175628960132599,0.10175628960132599,0.10175628960132599,0.10175628960132599,1.0,0.0010536194713575435,0.10000000149011612,4.48479832010486,1.2866084575653076,-0.5337799191474915,0.5132337808609009,-0.6300188302993774,-0.23397944867610931
14,-1.780623197555542,2.609710693359375,2.627565860748291,0.25616225600242615,0.25616225600242615,0.25616225600242615,0.25616225600242615,0.25616225600242615,0.25616225600242615,1.0,0.016809137051540645,0.10000000149011612,3.8005504100227108,0.9829109311103821,-0.3102876543998718,-0.18225616216659546,0.9096132516860962,0.2076246291399002
15,-3.006812334060669,-0.7890832424163818,4.836747646331787,0.3587682247161865,0.3587682247161865,0.3587682247161865,0.3587682247161865,0.3587682247161865,0.3587682247161865,1.0,0.046178722552695006,0.10000000149011612,5.287528782430571,0.9611874222755432,0.6387615203857422,0.13598082959651947,0.5732651352882385,-0.494833379983902
16,0.7232874631881714,-1.294853687286377,2.0685763359069824,0.27015864849090576,0.27015864849090576,0.27015864849090576,0.27015864849090576,0.27015864849090576,0.27015864849090576,1.0,0.019717716816122537,0.10000000149011612,2.206836944933173,1.1516761779785156,-0.20851443707942963,-0.6441108584403992,0.613518238067627,-0.406495064496994
17,-1.9044077396392822,-3.2362782955169678,3.6494362354278564,0.22546370327472687,0.22546370327472687,0.22546370327472687,0.22546370327472687,0.22546370327472687,0.22546370327472687,1.0,0.011461195173545678,0.10000000149011612,4.847265927639969,1.0744030475616455,-0.8925963044166565,0.3205658495426178,-0.3163038492202759,0.021475916728377342
18,3.728501319885254,2.400528907775879,4.207522392272949,0.19652622938156128,0.19652622938156128,0.19652622938156128,0.19652622938156128,0.19652622938156128,0.19652622938156128,1.0,0.007590345856897093,0.10000000149011612,5.905146397307494,0.9945150017738342,0.9552373290061951,0.2887236773967743,0.055723078548908234,-0.03248421102762222
19,2.5130887031555176,2.268921136856079,3.5721635818481445,0.16322298347949982,0.16322298347949982,0.16322298347949982,0.16322298347949982,0.16322298347949982,0.16322298347949982,1.0,0.004348544669165706,0.10000000149011612,4.68937743618899,1.048606276512146,0.7447589635848999,-0.3583441376686096,0.4915321171283722,-0.27444443106651306
20,2.3995141983032227,-4.963589191436768,3.103999614715576,0.20155596733093262,0.20155596733093262,0.20155596733093262,0.20155596733093262,0.20155596733093262,0.20155596733093262,1.0,0.008188172467363204,0.10000000149011612,6.1302740366248765,1.0572779178619385,0.4388720691204071,-0.07488352805376053,0.6146002411842346,-0.6511914134025574
21,-4.108209609985352,1.124151349067688,2.762136459350586,0.19091551005840302,0.19091551005840302,0.19091551005840302,0.19091551005840302,0.19091551005840302,0.19091551005840302,1.0,0.0069586282571079475,0.10000000149011612,4.740656173386853,1.0597989559173584,0.5881675481796265,-0.6570079326629639,0.17074793577194214,-0.439596027135849
22,-1.587294340133667,-4.751520156860352,4.102537631988525,0.26286956667900085,0.26286956667900085,0.26286956667900085,0.26286956667900085,0.26286956667900085,0.26286956667900085,1.0,0.018164394593780005,0.10000000149011612,6.126703213202716,1.0290316343307495,0.18356744945049286,0.3674028515815735,-0.8138673305511475,-0.41102081537246704
23,-2.3940296173095703,-4.069137096405029,4.192535877227783,0.25516220927238464,0.25516220927238464,0.25516220927238464,0.25516220927238464,0.25516220927238464,0.25516220927238464,1.0,0.016613038106642216,0.10000000149011612,5.936482121047766,0.98940110206604,-0.5237928032875061,-0.7085320949554443,-0.3683004081249237,0.29661110043525696
24,0.4063063859939575,4.661502361297607,2.3036134243011475,0.1534513533115387,0.1534513533115387,0.1534513533115387,0.1534513533115387,0.1534513533115387,0.1534513533115387,1.0,0.0036133677883526728,0.10000000149011612,5.079718660956978,1.2374043464660645,0.11701412498950958,-0.8511386513710022,-0.5108067393302917,0.030775172635912895
25,-4.332998275756836,1.9845139980316162,4.746213912963867,0.19839788973331451,0.19839788973331451,0.19839788973331451,0.19839788973331451,0.19839788973331451,0.19839788973331451,1.0,0.00780928271015348,0.10000000149011612,6.3338935815020765,1.0663578510284424,0.5276286005973816,-0.6296622157096863,-0.5417815446853638,0.17778149247169495
26,1.315416693687439,3.352123498916626,4.929437637329102,0.14884261786937714,0.14884261786937714,0.14884261786937714,0.14884261786937714,0.14884261786937714,0.14884261786937714,1.0,0.0032974779458592686,0.10000000149011612,5.792775344372072,1.079653263092041,-0.33113032579421997,0.06822645664215088,0.8211925029754639,-0.4597179889678955
27,-1.0303854942321777,3.7029190063476562,2.5632290840148926,0.3344774842262268,0.3344774842262268,0.3344774842262268,0.3344774842262268,0.3344774842262268,0.3344774842262268,1.0,0.037419731247053736,0.10000000149011612,4.387509673747734,1.0907920598983765,0.541867196559906,-0.16515758633613586,0.3007054626941681,0.7672542929649353
28,2.739548683166504,3.8006019592285156,2.7843708992004395,0.20065562427043915,0.20065562427043915,0.20065562427043915,0.20065562427043915,0.20065562427043915,0.20065562427043915,1.0,0.008078933100178714,0.10000000149011612,5.3281860163664625,1.1336630582809448,-0.26558855175971985,0.5323963165283203,-0.7420511245727539,0.30883172154426575
29,-4.957504749298096,0.44344305992126465,3.0287652015686035,0.22430481016635895,0.22430481016635895,0.22430481016635895,0.22430481016635895,0.22430481016635895,0.22430481016635895,1.0,0.01128536892804897,0.10000000149011612,5.488568981613453,1.0369007587432861,-0.3989890217781067,0.4879951775074005,0.7738860249519348,-0.06138995289802551
30,-0.46212732791900635,-2.9463958740234375,4.766698837280273,0.2703495919704437,0.2703495919704437,0.2703495919704437,0.2703495919704437,0.2703495919704437,0.2703495919704437,1.0,0.019759554800443363,0.10000000149011612,5.20152846232462,1.1800833940505981,0.32965022325515747,0.5118385553359985,0.7407782673835754,-0.28390055894851685
31,0.08804678916931152,4.559170722961426,2.8846068382263184,0.187292218208313,0.187292218208313,0.187292218208313,0.187292218208313,0.187292218208313,0.187292218208313,1.0,0.006569906665153428,0.10000000149011612,5.204496171688035,0.9535067677497864,-0.5278347134590149,-0.679824709892273,-0.3601970374584198,0.3598429262638092
32,-2.4121170043945312,0.9054917097091675,2.7226924896240234,0.15306371450424194,0.15306371450424194,0.15306371450424194,0.15306371450424194,0.15306371450424194,0.15306371450424194,1.0,0.0035860533420760156,0.10000000149011612,3.3484353359559593,1.1337541341781616,0.4801936745643616,0.29459524154663086,0.8261990547180176,-0.004772254265844822
33,4.141846179962158,-4.5905303955078125,3.343076229095459,0.2757948338985443,0.2757948338985443,0.2757948338985443,0.2757948338985443,0.2757948338985443,0.2757948338985443,1.0,0.02097772464564142,0.10000000149011612,6.871419258993645,1.2079745531082153,-0.7264173626899719,0.6767925024032593,-0.11945495009422302,0.0004060178471263498
34,-3.526460647583008,1.8723362684249878,4.231226444244385,0.15805687010288239,0.15805687010288239,0.15805687010288239,0.15805687010288239,0.15805687010288239,0.15805687010288239,1.0,0.003948572648943874,0.10000000149011612,5.422217429499736,0.9961145520210266,-0.8664600849151611,0.43591296672821045,0.11761249601840973,0.2130589336156845
35,-1.0235011577606201,-2.083958387374878,3.446530818939209,0.20960894227027893,0.20960894227027893,0.20960894227027893,0.20960894227027893,0.20960894227027893,0.20960894227027893,1.0,0.009209359346028173,0.10000000149011612,3.7231360527189903,1.1237350702285767,-0.8236779570579529,-0.3597591817378998,0.0011235938873142004,-0.43832266330718994
36,-2.3085594177246094,-1.3989883661270142,3.3768386840820312,0.186465784907341,0.186465784907341,0.186465784907341,0.186465784907341,0.186465784907341,0.186465784907341,1.0,0.00648332004623133,0.10000000149011612,3.8823624681488758,1.2804104089736938,-0.9906002879142761,-0.08424028009176254,0.010176586918532848,0.10728959739208221
37,3.6356348991394043,-0.12998580932617188,3.9029974937438965,0.14573536813259125,0.14573536813259125,0.14573536813259125,0.14573536813259125,0.14573536813259125,0.14573536813259125,1.0,0.0030952439759618275,0.10000000149011612,5.100260518408658,1.1899889707565308,-0.8659395575523376,0.02202453650534153,-0.04764954000711441,0.49738624691963196
38,4.822046756744385,4.274289131164551,4.47742223739624,0.1752048134803772,0.1752048134803772,0.1752048134803772,0.1752048134803772,0.1752048134803772,0.1752048134803772,1.0,0.0053782142700962016,0.10000000149011612,7.698446750213182,1.2707914113998413,0.49816465377807617,-0.006092482712119818,-0.8622510433197021,-0.09120315313339233
39,2.60625958442688,-0.8399230241775513,4.568924903869629,0.2505994141101837,0.2505994141101837,0.2505994141101837,0.2505994141101837,0.2505994141101837,0.2505994141101837,1.0,0.015737659833983918,0.10000000149011612,4.997225029646995,1.2070140838623047,-0.18487924337387085,0.9253894686698914,0.18215520679950714,0.27621275186538696
40,0.06872057914733887,1.8671238422393799,4.6488542556762695,0.2066107988357544,0.2066107988357544,0.2066107988357544,0.2066107988357544,0.2066107988357544,0.2066107988357544,1.0,0.008819806366540704,0.10000000149011612,4.604594201256218,1.1411255598068237,-0.8059147596359253,-0.5625613331794739,-0.17997781932353973,-0.04042360186576843
41,-2.415621280670166,0.8501935005187988,3.7322421073913574,0.16017921268939972,0.16017921268939972,0.16017921268939972,0.16017921268939972,0.16017921268939972,0.16017921268939972,1.0,0.004109778956551966,0.10000000149011612,4.087338737220839,1.0594149827957153,0.47287267446517944,-0.4619755744934082,0.04664725437760353,0.7488618493080139
42,4.356598377227783,-4.734699249267578,3.771833896636963,0.16157470643520355,0.16157470643520355,0.16157470643520355,0.16157470643520355,0.16157470643520355,0.16157470643520355,1.0,0.004218131615195137,0.10000000149011612,7.285741253071023,1.1079933643341064,-0.49592557549476624,0.5591794848442078,0.1959376186132431,-0.6348106861114502
43,-0.1680845022201538,-0.5814939737319946,3.127392530441284,0.20570676028728485,0.20570676028728485,0.20570676028728485,0.20570676028728485,0.20570676028728485,0.20570676028728485,1.0,0.008704537354967108,0.10000000149011612,2.7177835047322336,1.0227627754211426,0.7050701379776001,0.0925525575876236,0.06313341856002808,0.7002315521240234
44,-0.4621380567550659,3.135770559310913,3.615074634552002,0.1405537873506546,0.1405537873506546,0.1405537873506546,0.1405537873506546,0.1405537873506546,0.1405537873506546,1.0,0.0027766916718347263,0.10000000149011612,4.488333232464129,0.9156286120414734,0.5182563662528992,0.8096298575401306,-0.25374525785446167,0.10734584927558899
45,1.0750585794448853,0.7299572229385376,1.367654800415039,0.1702447235584259,0.1702447235584259,0.1702447235584259,0.1702447235584259,0.1702447235584259,0.1702447235584259,1.0,0.004934248090878152,0.10000000149011612,1.6927670508476145,0.9499070644378662,-0.0983814224600792,0.8857690691947937,0.2105800211429596,0.40173405408859253
46,-2.405333995819092,-0.6397056579589844,4.7505998611450195,0.1669197827577591,0.1669197827577591,0.1669197827577591,0.1669197827577591,0.1669197827577591,0.1669197827577591,1.0,0.00465075468731503,0.10000000149011612,4.88998272278168,1.10244882106781,-0.27196088433265686,-0.3226722478866577,0.9041317105293274,0.06682652980089188
47,0.21913886070251465,-3.404867649078369,4.065957546234131,0.21013277769088745,0.21013277769088745,0.21013277769088745,0.21013277769088745,0.21013277769088745,0.21013277769088745,1.0,0.009278577597691844,0.10000000149011612,4.939640980365728,1.054101586341858,-0.017788827419281006,-0.5851690173149109,0.8106583952903748,0.009682780131697655
48,2.895820140838623,3.881108283996582,4.036555767059326,0.16886767745018005,0.16886767745018005,0.16886767745018005,0.16886767745018005,0.16886767745018005,0.16886767745018005,1.0,0.004815480081840304,0.10000000149011612,6.108650508769747,1.0573569536209106,0.12335439771413803,-0.5215903520584106,-0.7365133762359619,-0.4126442074775696
49,-1.726757287979126,-1.1182832717895508,2.409688949584961,0.15392233431339264,0.15392233431339264,0.15392233431339264,0.15392233431339264,0.15392233431339264,0.15392233431339264,1.0,0.003646741028025784,0.10000000149011612,2.7375018993201237,0.9626297950744629,0.4131333529949188,-0.4906003475189209,0.589356005191803,0.49121445417404175
50,2.2292418479919434,4.967430114746094,3.4136648178100586,0.15912339091300964,0.15912339091300964,0.15912339091300964,0.15912339091300964,0.15912339091300964,0.15912339091300964,1.0,0.004029044601370462,0.10000000149011612,6.274493169799726,1.0931538343429565,-0.06627099961042404,0.9216896295547485,-0.37755411863327026,-0.059575438499450684
51,0.274922251701355,1.2271714210510254,1.9427299499511719,0.15968312323093414,0.15968312323093414,0.15968312323093414,0.15968312323093414,0.15968312323093414,0.15968312323093414,1.0,0.004071712029543516,0.10000000149011612,1.9909740787835168,1.3020726442337036,-0.5937910676002502,0.31044816970825195,0.4131511151790619,-0.6167173385620117
52,-3.1794416904449463,-0.8160930871963501,3.7938232421875,0.19564227759838104,0.19564227759838104,0.19564227759838104,0.19564227759838104,0.19564227759838104,0.19564227759838104,1.0,0.007488384406488331,0.10000000149011612,4.581325898058661,1.004371166229248,-0.24802009761333466,0.8971876502037048,-0.2290494740009308,0.2847396433353424
53,-0.5448824167251587,-2.2575783729553223,4.0160980224609375,0.2360033541917801,0.2360033541917801,0.2360033541917801,0.2360033541917801,0.2360033541917801,0.2360033541917801,1.0,0.013144816453161616,0.10000000149011612,4.2066808901074255,1.011495590209961,-0.20207493007183075,0.19935311377048492,-0.055423665791749954,0.9572628736495972
54,-2.8467166423797607,-0.8086711168289185,4.055266857147217,0.15027496218681335,0.15027496218681335,0.15027496218681335,0.15027496218681335,0.15027496218681335,0.15027496218681335,1.0,0.0033935939902900785,0.10000000149011612,4.56813877359897,1.2147784233093262,-0.3100564181804657,-0.42028218507766724,0.19043076038360596,-0.8312425017356873
55,2.145965576171875,0.0056236982345581055,2.7667641639709473,0.16826896369457245,0.16826896369457245,0.16826896369457245,0.16826896369457245,0.16826896369457245,0.16826896369457245,1.0,0.004764442173504442,0.10000000149011612,3.237931767419241,0.9506800174713135,-0.5192927122116089,-0.4129759669303894,0.25784939527511597,0.7023528814315796
56,-3.9581024646759033,-0.7342624664306641,2.2180728912353516,0.12260595709085464,0.12260595709085464,0.12260595709085464,0.12260595709085464,0.12260595709085464,0.12260595709085464,1.0,0.001843039807861108,0.10000000149011612,4.2676689613679155,1.1279683113098145,0.15306299924850464,0.12902887165546417,-0.7251172065734863,0.6588841080665588
57,-4.544548511505127,-0.7870715856552124,3.5366339683532715,0.0765218660235405,0.0765218660235405,0.0765218660235405,0.0765218660235405,0.0765218660235405,0.0765218660235405,1.0,0.00044808113104847445,0.10000000149011612,5.430287443232242,0.9790216088294983,0.7515068054199219,0.07209443300962448,0.6396449208259583,0.1445482075214386
58,4.901792526245117,0.9782606363296509,2.8876800537109375,0.22217845916748047,0.22217845916748047,0.22217845916748047,0.22217845916748047,0.22217845916748047,0.22217845916748047,1.0,0.010967454761065022,0.10000000149011612,5.6773962862881175,1.1085020303726196,0.47641628980636597,0.49651962518692017,0.5278311371803284,0.4978855848312378
59,-1.2849897146224976,2.819615602493286,1.8178528547286987,0.1430579274892807,0.1430579274892807,0.1430579274892807,0.1430579274892807,0.1430579274892807,0.1430579274892807,1.0,0.0029277621174291163,0.10000000149011612,3.3708207973130215,1.0603595972061157,0.3303368091583252,-0.07408322393894196,-0.9331400990486145,-0.12099087983369827
60,-4.352169036865234,2.8010029792785645,2.6976447105407715,0.17062318325042725,0.17062318325042725,0.17062318325042725,0.17062318325042725,0.17062318325042725,0.17062318325042725,1.0,0.004967228292085289,0.10000000149011612,5.5595023995756145,0.9820146560668945,-0.7385015487670898,0.6168133020401001,0.16401460766792297,0.21738426387310028
61,2.5649333000183105,4.348151206970215,2.991694211959839,0.14665457606315613,0.14665457606315613,0.14665457606315613,0.14665457606315613,0.14665457606315613,0.14665457606315613,1.0,0.0031541827803350337,0.10000000149011612,5.738649064397966,1.2833830118179321,-0.5624587535858154,0.6725220084190369,-0.3029981255531311,-0.37355902791023254
62,0.7832604646682739,1.6478735208511353,4.745633602142334,0.24054153263568878,0.24054153263568878,0.24054153263568878,0.24054153263568878,0.24054153263568878,0.24054153263568878,1.0,0.013917788143724352,0.10000000149011612,4.693208165009089,0.9635918140411377,-0.8491918444633484,-0.40855491161346436,-0.2027895450592041,0.26614367961883545
63,-3.2260215282440186,-2.270059108734131,3.4973347187042236,0.23584717512130737,0.23584717512130737,0.23584717512130737,0.23584717512130737,0.23584717512130737,0.23584717512130737,1.0,0.013118737328753745,0.10000000149011612,4.873450634632369,1.2128164768218994,0.4722379148006439,-0.6482056379318237,0.4143228828907013,0.4302991032600403
64,-3.4211981296539307,-2.7570629119873047,3.6499552726745605,0.2373019903898239,0.2373019903898239,0.2373019903898239,0.2373019903898239,0.2373019903898239,0.2373019903898239,1.0,0.01336300536407607,0.10000000149011612,5.324754929039512,1.126175045967102,0.06935397535562515,-0.3337135314941406,-0.9392699003219604,-0.03996770456433296
65,4.818510055541992,-2.261240005493164,3.3787341117858887,0.24870267510414124,0.24870267510414124,0.24870267510414124,0.24870267510414124,0.24870267510414124,0.24870267510414124,1.0,0.015383011687475431,0.10000000149011612,6.1564300808964045,1.0054078102111816,-0.5905196070671082,0.03795699030160904,0.5290474891662598,-0.6082389950752258
66,2.536642551422119,-4.19204044342041,3.2247066497802734,0.13687215745449066,0.13687215745449066,0.13687215745449066,0.13687215745449066,0.13687215745449066,0.13687215745449066,1.0,0.002564161284968041,0.10000000149011612,5.652152382633767,1.1879010200500488,0.050251927226781845,-0.6981480121612549,0.3607066571712494,0.6164047122001648
67,1.9859486818313599,-4.464559555053711,2.8783321380615234,0.13529227674007416,0.13529227674007416,0.13529227674007416,0.13529227674007416,0.13529227674007416,0.13529227674007416,1.0,0.002476389853137077,0.10000000149011612,5.464118717207805,1.1965621709823608,0.6601067781448364,0.035896528512239456,0.36711233854293823,-0.6543691754341125
68,3.557286262512207,2.4428975582122803,4.410264015197754,0.22005333006381989,0.22005333006381989,0.22005333006381989,0.22005333006381989,0.22005333006381989,0.22005333006381989,1.0,0.01065574540252149,0.10000000149011612,5.945326881587929,1.1786043643951416,-0.09868363291025162,0.9079952239990234,0.24348945915699005,-0.32637256383895874
69,2.503269910812378,-1.7919069528579712,3.0205464363098145,0.23751665651798248,0.23751665651798248,0.23751665651798248,0.23751665651798248,0.23751665651798248,0.23751665651798248,1.0,0.013399303167832678,0.10000000149011612,4.065462365417328,1.1115392446517944,-0.6253625750541687,0.11424882709980011,-0.7237474322319031,-0.2684370279312134
70,0.7159668207168579,-0.9245723485946655,2.350410223007202,0.24990038573741913,0.24990038573741913,0.24990038573741913,0.24990038573741913,0.24990038573741913,0.24990038573741913,1.0,0.015606329767028596,0.10000000149011612,2.247587818361021,1.1262364387512207,0.18495731055736542,0.689939022064209,-0.6302831768989563,-0.30416780710220337
71,-2.3617677688598633,4.183893203735352,3.874051570892334,0.15398353338241577,0.15398353338241577,0.15398353338241577,0.15398353338241577,0.15398353338241577,0.15398353338241577,1.0,0.003651092558358719,0.10000000149011612,5.87182150843099,1.1869946718215942,-0.8450868725776672,0.30060717463493347,-0.3645420968532562,0.2501450181007385
72,2.9801135063171387,0.3083425760269165,3.252871036529541,0.22775761783123016,0.22775761783123016,0.22775761783123016,0.22775761783123016,0.22775761783123016,0.22775761783123016,1.0,0.011814592186171433,0.10000000149011612,4.191969216968984,1.186421275138855,-0.26171329617500305,0.8743670582771301,-0.3853447735309601,0.136006698012352
73,-0.8849930763244629,2.1845459938049316,2.063849449157715,0.19943885505199432,0.19943885505199432,0.19943885505199432,0.19943885505199432,0.19943885505199432,0.19943885505199432,1.0,0.007932851359735552,0.10000000149011612,2.844704295404491,0.9896085262298584,0.7895577549934387,0.46487757563591003,-0.3135594427585602,0.2493349313735962
74,0.7973206043243408,3.1418652534484863,3.1332297325134277,0.16383326053619385,0.16383326053619385,0.16383326053619385,0.16383326053619385,0.16383326053619385,0.16383326053619385,1.0,0.004397503800116716,0.10000000149011612,4.257676253704218,1.0472670793533325,0.8937425017356873,0.3170035481452942,0.2520621418952942,0.192867249250412
75,4.496114253997803,2.648226737976074,4.514878273010254,0.16967231035232544,0.16967231035232544,0.16967231035232544,0.16967231035232544,0.16967231035232544,0.16967231035232544,1.0,0.004884644036416784,0.10000000149011612,6.711976488682429,1.1937017440795898,0.11687539517879486,0.28786173462867737,0.808172345161438,0.5003330707550049
76,0.01596808433532715,1.0083544254302979,1.7338234186172485,0.19063536822795868,0.19063536822795868,0.19063536822795868,0.19063536822795868,0.19063536822795868,0.19063536822795868,1.0,0.006928040740469001,0.10000000149011612,1.6550861657202347,1.2662535905838013,-0.07328543812036514,-0.9637047052383423,-0.16072805225849152,-0.20017263293266296
77,-2.8032703399658203,-3.8797366619110107,4.426372051239014,0.1711978018283844,0.1711978018283844,0.1711978018283844,0.1711978018283844,0.1711978018283844,0.1711978018283844,1.0,0.005017582848944452,0.10000000149011612,6.129595505452805,1.1797813177108765,0.6084359884262085,0.7399414777755737,0.13307298719882965,-0.2541336119174957
78,4.0653300285339355,2.317343235015869,4.771248817443848,0.16474026441574097,0.16474026441574097,0.16474026441574097,0.16474026441574097,0.16474026441574097,0.16474026441574097,1.0,0.004470944472607209,0.10000000149011612,6.4592811401860475,1.0153388977050781,-0.7284058332443237,0.6641402244567871,-0.16724759340286255,-0.019262023270130157
79,-2.0290393829345703,-0.863613486289978,1.8930929899215698,0.19905689358711243,0.19905689358711243,0.19905689358711243,0.19905689358711243,0.19905689358711243,0.19905689358711243,1.0,0.007887360061431387,0.10000000149011612,2.514833247028744,1.27970552444458,-0.9263002872467041,-0.35420098900794983,0.026028193533420563,-0.12582482397556305
80,-2.063754081726074,3.919203281402588,2.6548213958740234,0.19738860428333282,0.19738860428333282,0.19738860428333282,0.19738860428333282,0.19738860428333282,0.19738860428333282,1.0,0.007690706338433815,0.10000000149011612,4.923400805629508,1.0585986375808716,0.35194239020347595,-0.003854389302432537,-0.8085047602653503,0.47163739800453186
81,-1.095496416091919,-1.3748753070831299,4.32830810546875,0.20642472803592682,0.20642472803592682,0.20642472803592682,0.20642472803592682,0.20642472803592682,0.20642472803592682,1.0,0.008795998836849103,0.10000000149011612,4.200194982416343,0.931522786617279,0.4115372598171234,-0.5698862671852112,-0.5918610692024231,0.3944200575351715
82,-1.4433276653289795,1.9645017385482788,1.9778192043304443,0.20725852251052856,0.20725852251052856,0.20725852251052856,0.20725852251052856,0.20725852251052856,0.20725852251052856,1.0,0.008903016814283708,0.10000000149011612,2.836874185203672,1.2561737298965454,-0.37938445806503296,0.8348445296287537,-0.039064276963472366,-0.39695850014686584
83,1.3427305221557617,-1.9488847255706787,4.265753746032715,0.2282792180776596,0.2282792180776596,0.2282792180776596,0.2282792180776596,0.2282792180776596,0.2282792180776596,1.0,0.011895949965926442,0.10000000149011612,4.500604294926283,1.2710058689117432,0.33394601941108704,0.18272463977336884,0.9244884252548218,-0.020318541675806046
84,-0.721849799156189,-1.9465833902359009,3.131570339202881,0.1514241099357605,0.1514241099357605,0.1514241099357605,0.1514241099357605,0.1514241099357605,0.1514241099357605,1.0,0.003472042948984794,0.10000000149011612,3.3304409037072027,1.2021543979644775,-0.30093225836753845,0.5994884371757507,-0.283992737531662,-0.6851288676261902
85,-1.7044693231582642,2.5394601821899414,4.2897725105285645,0.17863674461841583,0.17863674461841583,0.17863674461841583,0.17863674461841583,0.17863674461841583,0.17863674461841583,1.0,0.005700492614574411,0.10000000149011612,4.877189438232641,1.1427379846572876,0.06131016090512276,-0.6506239175796509,0.6767106652259827,0.33910515904426575
86,1.595984697341919,2.841948986053467,2.7763009071350098,0.18095335364341736,0.18095335364341736,0.18095335364341736,0.18095335364341736,0.18095335364341736,0.18095335364341736,1.0,0.005925157637538733,0.10000000149011612,4.080156099430022,1.1883255243301392,-0.7737887501716614,0.6314643621444702,-0.05003691837191582,-1.2907371456094552e-05
87,-4.211142539978027,-3.973417282104492,2.9264473915100098,0.18182635307312012,0.18182635307312012,0.18182635307312012,0.18182635307312012,0.18182635307312012,0.18182635307312012,1.0,0.00601132881602342,0.10000000149011612,6.178407418668437,1.2748146057128906,-0.09420802444219589,-0.9404186010360718,-0.2810903787612915,0.16651086509227753
88,2.7043163776397705,-3.0948328971862793,2.9828011989593506,0.12564098834991455,0.12564098834991455,0.12564098834991455,0.12564098834991455,0.12564098834991455,0.12564098834991455,1.0,0.0019833256670368777,0.10000000149011612,4.8673135092548545,1.1386216878890991,0.2890934348106384,-0.49576282501220703,0.7831243872642517,-0.23950041830539703
89,3.607771396636963,3.869354724884033,3.6002564430236816,0.20199817419052124,0.20199817419052124,0.20199817419052124,0.20199817419052124,0.20199817419052124,0.20199817419052124,1.0,0.008242184501030229,0.10000000149011612,6.253881756583464,0.9805965423583984,0.7897530794143677,0.09314601123332977,-0.5624163746833801,-0.22649896144866943
90,3.127866268157959,0.09731829166412354,2.297412157058716,0.19361232221126556,0.19361232221126556,0.19361232221126556,0.19361232221126556,0.19361232221126556,0.19361232221126556,1.0,0.007257699489111405,0.10000000149011612,3.740702744241439,1.0987657308578491,0.5980104804039001,0.6451624631881714,0.3960876762866974,-0.2631794214248657
91,-4.497220993041992,0.3255826234817505,3.2448959350585938,0.17646485567092896,0.17646485567092896,0.17646485567092896,0.17646485567092896,0.17646485567092896,0.17646485567092896,1.0,0.005495088304178769,0.10000000149011612,5.191004905249885,1.1828641891479492,0.16650418937206268,-0.1490926742553711,-0.5805805921554565,0.7829264998435974
92,-4.29256010055542,1.7929303646087646,4.227385997772217,0.16535606980323792,0.16535606980323792,0.16535606980323792,0.16535606980323792,0.16535606980323792,0.16535606980323792,1.0,0.004521269805247883,0.10000000149011612,5.9046805090521275,1.1786601543426514,-0.902371346950531,-0.28773781657218933,0.2993139624595642,-0.11551634967327118
93,0.3028827905654907,-3.012294292449951,4.099381446838379,0.1430795043706894,0.1430795043706894,0.1430795043706894,0.1430795043706894,0.1430795043706894,0.1430795043706894,1.0,0.002929087066816612,0.10000000149011612,4.714007244740767,1.162682294845581,0.23241160809993744,-0.7056276202201843,0.6647837162017822,0.07834003120660782
94,2.9097275733947754,-3.41536808013916,4.947471618652344,0.22280874848365784,0.22280874848365784,0.22280874848365784,0.22280874848365784,0.22280874848365784,0.22280874848365784,1.0,0.011061059223144362,0.10000000149011612,6.380783605995623,1.1281882524490356,0.5849738121032715,0.01652100682258606,0.7758660316467285,-0.2357213944196701
95,1.3250523805618286,-0.7667750120162964,2.0536768436431885,0.25765904784202576,0.25765904784202576,0.25765904784202576,0.25765904784202576,0.25765904784202576,0.25765904784202576,1.0,0.01710551651827617,0.10000000149011612,2.2732624804458856,0.979074239730835,-0.2982460856437683,0.3966939151287079,0.8494825959205627,-0.1790601909160614
96,-1.8486320972442627,3.750746250152588,2.9924511909484863,0.13817863166332245,0.13817863166332245,0.13817863166332245,0.13817863166332245,0.13817863166332245,0.13817863166332245,1.0,0.002638290800327197,0.10000000149011612,4.872472610018786,1.1246906518936157,0.6974928975105286,0.2864978015422821,0.6470057964324951,0.11316414922475815
97,0.1882469654083252,-2.933288812637329,4.110968589782715,0.18304385244846344,0.18304385244846344,0.18304385244846344,0.18304385244846344,0.18304385244846344,0.18304385244846344,1.0,0.006132893779771549,0.10000000149011612,4.664470327809923,0.9808753728866577,0.7942312359809875,-0.1200045645236969,-0.21896231174468994,-0.5539414286613464
98,-4.8048787117004395,2.234341621398926,4.984570026397705,0.19397956132888794,0.19397956132888794,0.19397956132888794,0.19397956132888794,0.19397956132888794,0.19397956132888794,1.0,0.0072990765536378,0.10000000149011612,6.890690158805152,1.0308904647827148,-0.2747165262699127,0.8010213375091553,0.225851371884346,-0.48154619336128235
99,-2.4580442905426025,-4.578184604644775,2.6510918140411377,0.1591317355632782,0.1591317355632782,0.1591317355632782,0.1591317355632782,0.1591317355632782,0.1591317355632782,1.0,0.004029678500593249,0.10000000149011612,5.547503480952642,1.0823367834091187,-0.3905676305294037,-0.44876688718795776,-0.2389892041683197,-0.7674303650856018
100,0.9631824493408203,-4.2272162437438965,3.967759609222412,0.2871420979499817,0.2871420979499817,0.2871420979499817,0.2871420979499817,0.2871420979499817,0.2871420979499817,1.0,0.023675033786158723,0.10000000149011612,5.566009400891356,0.975853681564331,-0.18256035447120667,-0.6858426928520203,-0.7006255984306335,0.07358865439891815
101,0.7540225982666016,4.8177008628845215,3.429422378540039,0.22570812702178955,0.22570812702178955,0.22570812702178955,0.22570812702178955,0.22570812702178955,0.22570812702178955,1.0,0.011498510621138566,0.10000000149011612,5.7620477366669425,1.0163236856460571,-0.5523114800453186,-0.0630895271897316,0.1049511730670929,0.824595034122467
102,2.4048256874084473,3.8833813667297363,4.262545585632324,0.2594626843929291,0.2594626843929291,0.2594626843929291,0.2594626843929291,0.2594626843929291,0.2594626843929291,1.0,0.017467257432046718,0.10000000149011612,6.0224165072287486,1.054373025894165,0.11999544501304626,0.4972521960735321,-0.07006055861711502,-0.8564069271087646
103,0.39435267448425293,4.932093620300293,2.905057668685913,0.2283092737197876,0.2283092737197876,0.2283092737197876,0.2283092737197876,0.2283092737197876,0.2283092737197876,1.0,0.011900649309490304,0.10000000149011612,5.566405586823189,1.096452236175537,0.06269511580467224,-0.8469080328941345,0.44559603929519653,-0.2833023965358734
104,2.797349691390991,2.001237392425537,3.870905637741089,0.2992308735847473,0.2992308735847473,0.2992308735847473,0.2992308735847473,0.2992308735847473,0.2992308735847473,1.0,0.026792867812799232,0.10000000149011612,4.934968871857563,1.269473910331726,-0.15304583311080933,-0.7442350387573242,-0.5200874209403992,0.390128493309021
105,2.0784878730773926,-0.28880774974823,3.82781982421875,0.1928921937942505,0.1928921937942505,0.1928921937942505,0.1928921937942505,0.1928921937942505,0.1928921937942505,1.0,0.007177016707914228,0.10000000149011612,4.031473785511505,1.1628344058990479,0.35970786213874817,0.6944155693054199,-0.6208177208900452,0.05461341515183449
106,2.4249982833862305,-4.271113395690918,4.3031206130981445,0.1630668044090271,0.1630668044090271,0.1630668044090271,0.1630668044090271,0.1630668044090271,0.1630668044090271,1.0,0.004336073961651873,0.10000000149011612,6.256530520339318,1.05073082447052,0.28831639885902405,0.46897056698799133,-0.23711535334587097,-0.8004477024078369
107,0.9342658519744873,-1.3279449939727783,3.408583402633667,0.2193857729434967,0.2193857729434967,0.2193857729434967,0.2193857729434967,0.2193857729434967,0.2193857729434967,1.0,0.010559063001082065,0.10000000149011612,3.384515056411393,1.1388583183288574,-0.3246769607067108,-0.9238090515136719,0.09442590922117233,-0.17956988513469696
108,-3.231874704360962,4.894245147705078,4.017549514770508,0.17862597107887268,0.17862597107887268,0.17862597107887268,0.17862597107887268,0.17862597107887268,0.17862597107887268,1.0,0.00569946129071809,0.10000000149011612,6.828527280199097,1.0399868488311768,-0.12327586859464645,0.6308176517486572,-0.4192584753036499,-0.6411665081977844
109,-3.6931002140045166,3.3630876541137695,3.393226146697998,0.2297571897506714,0.2297571897506714,0.2297571897506714,0.2297571897506714,0.2297571897506714,0.2297571897506714,1.0,0.012128506679320084,0.10000000149011612,5.734191906979656,1.1098287105560303,-0.6459523439407349,-0.5542474985122681,0.0353044830262661,-0.5237450003623962
110,4.749841690063477,2.892768383026123,4.596683502197266,0.2643945813179016,0.2643945813179016,0.2643945813179016,0.2643945813179016,0.2643945813179016,0.2643945813179016,1.0,0.01848236959000934,0.10000000149011612,7.036179414361274,1.1275006532669067,-0.34728413820266724,0.7379450798034668,-0.3506738543510437,-0.4602811336517334
111,-1.636948585510254,3.501932144165039,4.067006587982178,0.3038286566734314,0.3038286566734314,0.3038286566734314,0.3038286566734314,0.3038286566734314,0.3038286566734314,1.0,0.02804698617534955,0.10000000149011612,5.274574904345209,1.0853420495986938,-0.5955628156661987,0.5633653402328491,-0.42560577392578125,-0.38312411308288574
112,0.04843711853027344,0.013872981071472168,1.6055786609649658,0.2434573918581009,0.2434573918581009,0.2434573918581009,0.2434573918581009,0.2434573918581009,0.2434573918581009,1.0,0.014430085203307063,0.10000000149011612,1.1569787713186144,1.13640296459198,-0.1507672667503357,0.5742553472518921,-0.451884388923645,-0.6658082008361816
113,-0.11075794696807861,-2.0258193016052246,1.8195903301239014,0.23324580490589142,0.23324580490589142,0.23324580490589142,0.23324580490589142,0.23324580490589142,0.23324580490589142,1.0,0.012689412756075543,0.10000000149011612,2.4021904899919244,1.030448317527771,0.06629034876823425,0.3328041732311249,0.9399793744087219,-0.03585752844810486
114,1.7464745044708252,1.7713427543640137,4.901911735534668,0.2029867172241211,0.2029867172241211,0.2029867172241211,0.2029867172241211,0.2029867172241211,0.2029867172241211,1.0,0.008363784997711246,0.10000000149011612,5.148594690221361,1.1083225011825562,-0.2702614963054657,-0.13509023189544678,0.7300057411193848,0.6130260825157166
115,-0.0014472007751464844,3.8319807052612305,3.064818859100342,0.1811789870262146,0.1811789870262146,0.1811789870262146,0.1811789870262146,0.1811789870262146,0.1811789870262146,1.0,0.005947349783372607,0.10000000149011612,4.668669787982205,1.0546096563339233,-0.885815441608429,0.18504855036735535,-0.18779544532299042,0.3818650245666504
116,3.6188440322875977,-4.961660385131836,4.1172895431518555,0.25140130519866943,0.25140130519866943,0.25140130519866943,0.25140130519866943,0.25140130519866943,0.25140130519866943,1.0,0.01588922021862711,0.10000000149011612,7.182828493227263,1.1538628339767456,0.305329829454422,0.38632044196128845,-0.8157230615615845,-0.3035227358341217
117,3.894233226776123,-1.537148356437683,2.969839572906494,0.21195873618125916,0.21195873618125916,0.21195873618125916,0.21195873618125916,0.21195873618125916,0.21195873618125916,1.0,0.009522565399640215,0.10000000149011612,4.970334080798856,1.1553716659545898,-0.3144485652446747,0.1733635812997818,-0.9175743460655212,0.17065884172916412
118,1.9398927688598633,1.183328628540039,3.741917610168457,0.18193869292736053,0.18193869292736053,0.18193869292736053,0.18193869292736053,0.18193869292736053,0.18193869292736053,1.0,0.006022477845519452,0.10000000149011612,4.066020460177861,1.0285900831222534,0.5098185539245605,-0.24281194806098938,-0.7208981513977051,-0.40178757905960083
119,-0.1648271083831787,-3.694525957107544,2.2350449562072754,0.2493758648633957,0.2493758648633957,0.2493758648633957,0.2493758648633957,0.2493758648633957,0.2493758648633957,1.0,0.015508266577259735,0.10000000149011612,4.058689286392273,1.1452727317810059,0.5928825736045837,0.06841474771499634,0.6861497759819031,0.415942519903183
120,-1.8972223997116089,-1.8499195575714111,4.594602584838867,0.22093677520751953,0.22093677520751953,0.22093677520751953,0.22093677520751953,0.22093677520751953,0.22093677520751953,1.0,0.010784599763737867,0.10000000149011612,4.842877307581773,1.0825127363204956,-0.9009110331535339,0.3227708637714386,-0.1623801589012146,-0.24043922126293182
121,2.8622841835021973,1.385686993598938,4.6947832107543945,0.1931050717830658,0.1931050717830658,0.1931050717830658,0.1931050717830658,0.1931050717830658,0.1931050717830658,1.0,0.007200804849908341,0.10000000149011612,5.375265904470029,1.0941553115844727,0.19934317469596863,-0.7267611026763916,0.4618200957775116,0.4677635729312897
122,-4.531109809875488,0.8068376779556274,3.2008819580078125,0.19202211499214172,0.19202211499214172,0.19202211499214172,0.19202211499214172,0.19202211499214172,0.19202211499214172,1.0,0.007080334022927731,0.10000000149011612,5.252342815277262,1.0877087116241455,-0.44236451387405396,-0.0019024367211386561,-0.6450976729393005,0.6230241656303406
123,-2.095111608505249,-2.5780792236328125,4.047484874725342,0.16471874713897705,0.16471874713897705,0.16471874713897705,0.16471874713897705,0.16471874713897705,0.16471874713897705,1.0,0.004469192806398015,0.10000000149011612,4.80970692254983,0.9407087564468384,0.16107559204101562,-0.8042117357254028,0.5003523230552673,0.2773909568786621
124,-0.862695574760437,3.6060352325439453,4.463248252868652,0.15493379533290863,0.15493379533290863,0.15493379533290863,0.15493379533290863,0.15493379533290863,0.15493379533290863,1.0,0.003719105336451155,0.10000000149011612,5.463318152502222,1.2247309684753418,0.6465181708335876,0.329854279756546,0.2553037703037262,-0.6387724876403809
125,-1.8513303995132446,-0.5397498607635498,2.6999640464782715,0.30048030614852905,0.30048030614852905,0.30048030614852905,0.30048030614852905,0.30048030614852905,0.30048030614852905,1.0,0.027129890395503273,0.10000000149011612,2.8656109557680916,1.0654009580612183,0.36277398467063904,-0.0768817812204361,0.9278911352157593,0.03875846415758133
126,-1.8136227130889893,1.964195966720581,3.364849090576172,0.14741326868534088,0.14741326868534088,0.14741326868534088,0.14741326868534088,0.14741326868534088,0.14741326868534088,1.0,0.003203389358480939,0.10000000149011612,3.9090341901304186,1.2185596227645874,0.24351005256175995,-0.20989279448986053,0.15592768788337708,-0.9339884519577026
127,1.3049930334091187,3.049269914627075,4.694236755371094,0.1455376148223877,0.1455376148223877,0.1455376148223877,0.1455376148223877,0.1455376148223877,0.1455376148223877,1.0,0.0030826609382270573,0.10000000149011612,5.43288422572806,1.1322498321533203,0.7560127377510071,-0.11887524276971817,0.5326812267303467,-0.36133670806884766
128,1.8307417631149292,-2.2955238819122314,4.290532112121582,0.16058270633220673,0.16058270633220673,0.16058270633220673,0.16058270633220673,0.16058270633220673,0.16058270633220673,1.0,0.004140915026570876,0.10000000149011612,4.853985527341393,1.2079384326934814,-0.4907723069190979,0.7668298482894897,0.2544907331466675,0.3261118233203888
129,3.8088436126708984,-0.9068894386291504,3.2876806259155273,0.16404111683368683,0.16404111683368683,0.16404111683368683,0.16404111683368683,0.16404111683368683,0.16404111683368683,1.0,0.004414262466918289,0.10000000149011612,4.922611189046666,1.1819095611572266,0.3684266209602356,0.09337382763624191,-0.589732825756073,0.7125716805458069
130,1.1519956588745117,3.0084800720214844,4.869992733001709,0.26822248101234436,0.26822248101234436,0.26822248101234436,0.26822248101234436,0.26822248101234436,0.26822248101234436,1.0,0.01929681023593607,0.10000000149011612,5.51071799457315,1.0755164623260498,-0.7521127462387085,-0.3141264021396637,0.1565946489572525,0.5577895045280457
131,-1.6077351570129395,-1.7827427387237549,4.783200263977051,0.16700206696987152,0.16700206696987152,0.16700206696987152,0.16700206696987152,0.16700206696987152,0.16700206696987152,1.0,0.004657635939308704,0.10000000149011612,4.88561923960898,1.1270240545272827,0.5118436217308044,0.11658171564340591,-0.6475349068641663,0.5523797273635864
132,0.07516622543334961,1.8835723400115967,1.9252413511276245,0.15558889508247375,0.15558889508247375,0.15558889508247375,0.15558889508247375,0.15558889508247375,0.15558889508247375,1.0,0.003766481078096035,0.10000000149011612,2.426739342253383,1.0462167263031006,0.15455403923988342,0.055806536227464676,0.9760782718658447,0.14237236976623535
133,1.5080177783966064,2.7013607025146484,4.374563217163086,0.14921621978282928,0.14921621978282928,0.14921621978282928,0.14921621978282928,0.14921621978282928,0.14921621978282928,1.0,0.0033223707939988045,0.10000000149011612,5.050433714115434,1.0889256000518799,0.1557488739490509,-0.32496705651283264,0.6867018342018127,-0.6313313841819763
134,0.23147404193878174,0.633435845375061,1.8620914220809937,0.19957683980464935,0.19957683980464935,0.19957683980464935,0.19957683980464935,0.19957683980464935,0.19957683980464935,1.0,0.00794932813951549,0.10000000149011612,1.5946932986644455,1.2439777851104736,-0.33825206756591797,0.5520970821380615,0.7025786638259888,0.29522448778152466
135,-0.5920279026031494,-2.2651398181915283,2.0998148918151855,0.17052848637104034,0.17052848637104034,0.17052848637104034,0.17052848637104034,0.17052848637104034,0.17052848637104034,1.0,0.004958962357874934,0.10000000149011612,2.7979951958545586,1.0717798471450806,0.29315581917762756,0.07468598335981369,-0.9518841505050659,-0.04897196218371391
136,0.3997611999511719,1.362065076828003,3.804687976837158,0.1489233523607254,0.1489233523607254,0.1489233523607254,0.1489233523607254,0.1489233523607254,0.1489233523607254,1.0,0.003302846662893791,0.10000000149011612,3.662750932718775,1.1677300930023193,0.1147841364145279,0.986816942691803,0.08957449346780777,0.07066406309604645
137,-3.8065218925476074,-1.267494559288025,2.5791053771972656,0.17430834472179413,0.17430834472179413,0.17430834472179413,0.17430834472179413,0.17430834472179413,0.17430834472179413,1.0,0.005296079993623457,0.10000000149011612,4.415203235903082,1.0736161470413208,0.7207940816879272,-0.43259820342063904,0.5243784189224243,-0.13543251156806946
138,-1.2421178817749023,-2.4757182598114014,4.31186580657959,0.15883201360702515,0.15883201360702515,0.15883201360702515,0.15883201360702515,0.15883201360702515,0.15883201360702515,1.0,0.004006951863924391,0.10000000149011612,4.686578077560244,1.148917555809021,0.4788709282875061,-0.3769721984863281,0.7811844944953918,-0.13537123799324036
139,0.45970261096954346,-3.4493117332458496,3.737807273864746,0.26862242817878723,0.26862242817878723,0.26862242817878723,0.26862242817878723,0.26862242817878723,0.26862242817878723,1.0,0.019383259568816348,0.10000000149011612,4.761312752583442,1.183236002922058,-0.09091442078351974,-0.3611443042755127,0.2223576009273529,-0.901036262512207
140,1.730644702911377,-2.994485378265381,2.3713111877441406,0.1409897357225418,0.1409897357225418,0.1409897357225418,0.1409897357225418,0.1409897357225418,0.1409897357225418,1.0,0.0028026088522638106,0.10000000149011612,3.976300891293403,1.286914587020874,0.5417607426643372,0.629485547542572,0.5293855667114258,0.17318809032440186
141,-1.4781790971755981,-0.5371946096420288,3.655674457550049,0.18562190234661102,0.18562190234661102,0.18562190234661102,0.18562190234661102,0.18562190234661102,0.18562190234661102,1.0,0.00639569371717025,0.10000000149011612,3.5001642280870375,1.0870249271392822,-0.6964035630226135,0.6927403211593628,0.1087549701333046,-0.1526605486869812
142,3.844633102416992,0.7720601558685303,2.3857593536376953,0.1521538943052292,0.1521538943052292,0.1521538943052292,0.1521538943052292,0.1521538943052292,0.1521538943052292,1.0,0.0035224855253852697,0.10000000149011612,4.489162573521085,1.2615562677383423,-0.021732743829488754,0.5629775524139404,0.7431238293647766,-0.36104151606559753
143,2.358318567276001,2.4419732093811035,4.018984794616699,0.1712481826543808,0.1712481826543808,0.1712481826543808,0.1712481826543808,0.1712481826543808,0.1712481826543808,1.0,0.005022013940322123,0.10000000149011612,5.0003701132319085,1.1444066762924194,0.3086109757423401,0.07733505964279175,0.26236364245414734,-0.9110125303268433
144,-0.569269061088562,0.15748918056488037,3.673494338989258,0.19280271232128143,0.19280271232128143,0.19280271232128143,0.19280271232128143,0.19280271232128143,0.19280271232128143,1.0,0.0071670332221732335,0.10000000149011612,3.245871187780008,1.2467869520187378,0.6245206594467163,0.7067521214485168,0.18706195056438446,0.2747420370578766
145,0.9932941198348999,-1.1187636852264404,3.2141213417053223,0.18436987698078156,0.18436987698078156,0.18436987698078156,0.18436987698078156,0.18436987698078156,0.18436987698078156,1.0,0.006267147234343977,0.10000000149011612,3.159537597625261,1.2466801404953003,-0.6501597166061401,-0.4248102903366089,-0.3884793817996979,-0.4958954155445099
146,-2.245635986328125,0.35069286823272705,2.991553544998169,0.17341963946819305,0.17341963946819305,0.17341963946819305,0.17341963946819305,0.17341963946819305,0.17341963946819305,1.0,0.005215486637318034,0.10000000149011612,3.3199634177617567,1.006229281425476,0.5603424906730652,0.7324240207672119,0.33843836188316345,0.18716523051261902
147,-1.7113935947418213,-2.944427728652954,3.310319185256958,0.19579753279685974,0.19579753279685974,0.19579753279685974,0.19579753279685974,0.19579753279685974,0.19579753279685974,1.0,0.007506226155338148,0.10000000149011612,4.36161621673783,1.0139868259429932,-0.40668246150016785,0.5485126376152039,-0.7201443314552307,0.12302570044994354
148,2.4218475818634033,3.6388282775878906,3.040867328643799,0.1689285784959793,0.1689285784959793,0.1689285784959793,0.1689285784959793,0.1689285784959793,0.1689285784959793,1.0,0.004820691977129509,0.10000000149011612,5.167812974895265,1.2022348642349243,-0.31930744647979736,0.7495756149291992,0.2232269048690796,-0.5351157188415527
149,1.0644853115081787,4.750649452209473,4.859485149383545,0.21746474504470825,0.21746474504470825,0.21746474504470825,0.21746474504470825,0.21746474504470825,0.21746474504470825,1.0,0.010284106846769867,0.10000000149011612,6.612569614635356,1.1611082553863525,-0.3058153986930847,0.8585529923439026,0.2235812097787857,-0.34550702571868896
150,3.534388542175293,2.7851760387420654,2.775404453277588,0.25426411628723145,0.25426411628723145,0.25426411628723145,0.25426411628723145,0.25426411628723145,0.25426411628723145,1.0,0.016438236352733986,0.10000000149011612,5.17361774656934,1.030489444732666,-0.3678216338157654,0.1137964054942131,-0.9193601012229919,-0.08083688467741013
151,-0.6177431344985962,1.789819598197937,2.6888961791992188,0.14083997905254364,0.14083997905254364,0.14083997905254364,0.14083997905254364,0.14083997905254364,0.14083997905254364,1.0,0.0027936876981688847,0.10000000149011612,2.9237400317174096,1.0006153583526611,0.33033373951911926,0.7266272306442261,-0.43980681896209717,0.41165831685066223
152,-4.635688781738281,-4.5417985916137695,4.414552688598633,0.12166334688663483,0.12166334688663483,0.12166334688663483,0.12166334688663483,0.12166334688663483,0.12166334688663483,1.0,0.0018008572077539886,0.10000000149011612,7.493566690674457,0.9660182595252991,0.6111903190612793,0.6215713024139404,0.37822261452674866,-0.3115174472332001
153,-2.811189889907837,-3.7920641899108887,2.922450304031372,0.2798445522785187,0.2798445522785187,0.2798445522785187,0.2798445522785187,0.2798445522785187,0.2798445522785187,1.0,0.02191545898990641,0.10000000149011612,5.224195722262219,1.1013604402542114,0.5023050904273987,0.47003549337387085,0.4522874355316162,0.5676199197769165
154,-2.413614273071289,0.8894515037536621,3.8468523025512695,0.1865444928407669,0.1865444928407669,0.1865444928407669,0.1865444928407669,0.1865444928407669,0.1865444928407669,1.0,0.006491533416013779,0.10000000149011612,4.18702289042097,1.0917941331863403,0.5089003443717957,-0.6478639245033264,-0.5593419671058655,-0.09181170910596848
155,2.821199893951416,-1.3081145286560059,3.093817710876465,0.11984317004680634,0.11984317004680634,0.11984317004680634,0.11984317004680634,0.11984317004680634,0.11984317004680634,1.0,0.0017212337965930202,0.10000000149011612,4.15029868592178,1.120688557624817,-0.20233558118343353,0.1637209951877594,-0.8924043774604797,-0.3686056435108185
156,-3.983612537384033,-1.7592066526412964,3.6602067947387695,0.17241086065769196,0.17241086065769196,0.17241086065769196,0.17241086065769196,0.17241086065769196,0.17241086065769196,1.0,0.005124999878591118,0.10000000149011612,5.293040738073636,1.0182948112487793,0.09196268767118454,0.7276008725166321,-0.37640491127967834,-0.5660911798477173
157,-0.16916930675506592,1.1824673414230347,3.689741611480713,0.18716716766357422,0.18716716766357422,0.18716716766357422,0.18716716766357422,0.18716716766357422,0.18716716766357422,1.0,0.00655675573991465,0.10000000149011612,3.451066567286744,1.1676815748214722,-0.9023306965827942,-0.2623189091682434,-0.3364070653915405,0.06179317086935043
158,-2.5509166717529297,-1.7219871282577515,3.388154983520508,0.20618174970149994,0.20618174970149994,0.20618174970149994,0.20618174970149994,0.20618174970149994,0.20618174970149994,1.0,0.008764974611367852,0.10000000149011612,4.151393628306517,1.1431092023849487,-0.6971271634101868,-0.0876857340335846,-0.3021720349788666,-0.6442181468009949
159,-3.108396530151367,2.8140335083007812,3.718571662902832,0.19175109267234802,0.19175109267234802,0.19175109267234802,0.19175109267234802,0.19175109267234802,0.19175109267234802,1.0,0.007050396511397363,0.10000000149011612,5.256326221034089,1.150793433189392,0.5648683905601501,-0.7977418303489685,0.15962764620780945,-0.13802412152290344
160,-4.471879005432129,-4.807525634765625,3.139157295227051,0.2298479825258255,0.2298479825258255,0.2298479825258255,0.2298479825258255,0.2298479825258255,0.2298479825258255,1.0,0.01214289076876108,0.10000000149011612,6.979593165913897,0.9400503635406494,0.2013023942708969,0.03878201171755791,-0.5112059116363525,-0.8346506357192993
161,1.7515498399734497,-3.6613340377807617,2.4214041233062744,0.15929952263832092,0.15929952263832092,0.15929952263832092,0.15929952263832092,0.15929952263832092,0.15929952263832092,1.0,0.004042438515817275,0.10000000149011612,4.523716074656119,1.2587839365005493,0.0556180439889431,0.01527375914156437,0.46023035049438477,-0.8859240412712097
162,0.7668644189834595,0.4651045799255371,4.498965740203857,0.16997255384922028,0.16997255384922028,0.16997255384922028,0.16997255384922028,0.16997255384922028,0.16997255384922028,1.0,0.0049106208028852315,0.10000000149011612,4.164654695460512,1.0986573696136475,0.9446709156036377,0.15390664339065552,0.18315216898918152,-0.22442112863063812
163,4.527950763702393,2.1067559719085693,3.950674533843994,0.2062658667564392,0.2062658667564392,0.2062658667564392,0.2062658667564392,0.2062658667564392,0.2062658667564392,1.0,0.008775706667233277,0.10000000149011612,6.2025864548825975,0.9648460149765015,-0.9151127934455872,0.2934350371360779,-0.2700437605381012,-0.05950549617409706
164,2.1585874557495117,-0.6074750423431396,4.3775410652160645,0.14012546837329865,0.14012546837329865,0.14012546837329865,0.14012546837329865,0.14012546837329865,0.14012546837329865,1.0,0.002751384154096456,0.10000000149011612,4.568583458999308,1.1239330768585205,0.38432326912879944,-0.07091433554887772,-0.6841265559196472,-0.6158227324485779
165,-2.506108283996582,0.3410649299621582,3.9504659175872803,0.22575168311595917,0.22575168311595917,0.22575168311595917,0.22575168311595917,0.22575168311595917,0.22575168311595917,1.0,0.011505168691525038,0.10000000149011612,4.237001411784818,1.125258445739746,-0.11772696673870087,0.9534820318222046,-0.2712591290473938,-0.05857397988438606
166,1.5967679023742676,-2.0777833461761475,4.055962085723877,0.15354600548744202,0.15354600548744202,0.15354600548744202,0.15354600548744202,0.15354600548744202,0.15354600548744202,1.0,0.0036200583281373075,0.10000000149011612,4.4749041458886065,1.1138348579406738,0.3066718578338623,0.12758292257785797,0.7889243364334106,-0.5169848799705505
167,3.6890225410461426,0.4223954677581787,3.998173475265503,0.10363859683275223,0.10363859683275223,0.10363859683275223,0.10363859683275223,0.10363859683275223,0.10363859683275223,1.0,0.0011131778938472442,0.10000000149011612,5.2239999290055845,1.1713162660598755,-0.2040461152791977,-0.03708178922533989,-0.1811576634645462,-0.9613386988639832
168,-4.302408218383789,0.4049646854400635,2.9176974296569824,0.16004331409931183,0.16004331409931183,0.16004331409931183,0.16004331409931183,0.16004331409931183,0.16004331409931183,1.0,0.004099327423441786,0.10000000149011612,4.86154890790036,1.1536426544189453,-0.29890885949134827,-0.7483295798301697,-0.048304010182619095,0.5901890993118286
169,-3.3776426315307617,-2.647280693054199,4.942802906036377,0.17910830676555634,0.17910830676555634,0.17910830676555634,0.17910830676555634,0.17910830676555634,0.17910830676555634,1.0,0.005745756071696933,0.10000000149011612,6.115080104965129,1.141233205795288,-0.029334429651498795,-0.21130099892616272,0.8783590197563171,0.4277578592300415
170,-0.8367824554443359,1.7514801025390625,3.457770347595215,0.262758731842041,0.262758731842041,0.262758731842041,0.262758731842041,0.262758731842041,0.262758731842041,1.0,0.01814142808224778,0.10000000149011612,3.561438478707599,1.086895227432251,0.7947046756744385,-0.4181516170501709,0.43848270177841187,0.03642319142818451
171,-0.6104838848114014,1.901932954788208,4.079275608062744,0.17092518508434296,0.17092518508434296,0.17092518508434296,0.17092518508434296,0.17092518508434296,0.17092518508434296,1.0,0.004993650882135391,0.10000000149011612,4.13344601695315,1.0729008913040161,-0.5409805774688721,0.2849714756011963,0.31267449259757996,-0.7268878221511841
172,1.504652500152588,0.9888333082199097,3.4229536056518555,0.13438987731933594,0.13438987731933594,0.13438987731933594,0.13438987731933594,0.13438987731933594,0.13438987731933594,1.0,0.002427167076439328,0.10000000149011612,3.5343849298471475,1.1190277338027954,0.41068583726882935,0.43099117279052734,-0.6766669154167175,-0.43324998021125793
173,0.3671860694885254,-0.5499011278152466,2.0214426517486572,0.18715210258960724,0.18715210258960724,0.18715210258960724,0.18715210258960724,0.18715210258960724,0.18715210258960724,1.0,0.0065551726087327965,0.10000000149011612,1.7117595004057882,1.1698336601257324,-0.2754565179347992,0.5070235133171082,-0.14596444368362427,0.8035827279090881
174,-2.565298080444336,-2.3923821449279785,2.834200859069824,0.1612524390220642,0.1612524390220642,0.1612524390220642,0.1612524390220642,0.1612524390220642,0.1612524390220642,1.0,0.004192942211156685,0.10000000149011612,4.131777926284019,1.1062132120132446,0.6091981530189514,-0.5213708281517029,-0.30984342098236084,0.510927677154541
175,1.2724357843399048,0.9552091360092163,3.6356770992279053,0.208047017455101,0.208047017455101,0.208047017455101,0.208047017455101,0.208047017455101,0.208047017455101,1.0,0.009005015869076446,0.10000000149011612,3.608707732256903,1.1735303401947021,0.12043803185224533,-0.7384144067764282,0.4784035086631775,0.4597488343715668
176,-4.091564178466797,1.9017106294631958,3.53779673576355,0.18959800899028778,0.18959800899028778,0.18959800899028778,0.18959800899028778,0.18959800899028778,0.18959800899028778,1.0,0.006815556418847694,0.10000000149011612,5.378500756735466,0.8850586414337158,0.84767746925354,-0.29524993896484375,-0.12874650955200195,0.42153847217559814
177,0.9091097116470337,4.712406158447266,2.3222100734710693,0.17430570721626282,0.17430570721626282,0.17430570721626282,0.17430570721626282,0.17430570721626282,0.17430570721626282,1.0,0.005295839588112052,0.10000000149011612,5.210140512325078,1.1091710329055786,-0.01355671789497137,-0.2916807532310486,-0.8468359112739563,-0.444530725479126
178,1.0751128196716309,-1.011609435081482,2.3652446269989014,0.16873358190059662,0.16873358190059662,0.16873358190059662,0.16873358190059662,0.16873358190059662,0.16873358190059662,1.0,0.004804017465230906,0.10000000149011612,2.4505589949505167,1.1102474927902222,-0.5064244866371155,0.5571761727333069,-0.657744288444519,0.02148047834634781
179,0.16782879829406738,1.8972116708755493,2.4325144290924072,0.1884632706642151,0.1884632706642151,0.1884632706642151,0.1884632706642151,0.1884632706642151,0.1884632706642151,1.0,0.006693914660010563,0.10000000149011612,2.779994760572558,1.1157894134521484,-0.7008165717124939,0.6163582801818848,0.34401261806488037,0.10302402824163437
180,3.8226139545440674,0.33362090587615967,3.6512346267700195,0.1532812863588333,0.1532812863588333,0.1532812863588333,0.1532812863588333,0.1532812863588333,0.1532812863588333,1.0,0.0036013672363829213,0.10000000149011612,5.091315545517754,1.0948424339294434,-0.5649881958961487,0.7292538285255432,0.34850144386291504,-0.1659034788608551
181,2.312228202819824,0.41506171226501465,2.1432578563690186,0.23922155797481537,0.23922155797481537,0.23922155797481537,0.23922155797481537,0.23922155797481537,0.23922155797481537,1.0,0.013689921046164368,0.10000000149011612,2.9988032860805207,1.0644651651382446,0.7985485196113586,-0.14835137128829956,-0.12279941886663437,-0.5702914595603943
182,3.1810708045959473,-3.902292251586914,3.307802200317383,0.2285500466823578,0.2285500466823578,0.2285500466823578,0.2285500466823578,0.2285500466823578,0.2285500466823578,1.0,0.011938339991749727,0.10000000149011612,5.826130178796325,0.919279158115387,-0.5063351392745972,0.22379398345947266,-0.784400999546051,0.27974289655685425
183,-0.7366305589675903,1.3762646913528442,3.815575122833252,0.2463563233613968,0.2463563233613968,0.2463563233613968,0.2463563233613968,0.2463563233613968,0.2463563233613968,1.0,0.01495171954001329,0.10000000149011612,3.6901212917393282,1.0703500509262085,0.46953094005584717,0.7360342144966125,0.3911604881286621,-0.29118356108665466
184,-2.5339949131011963,-2.4263179302215576,2.453103542327881,0.1357620507478714,0.1357620507478714,0.1357620507478714,0.1357620507478714,0.1357620507478714,0.1357620507478714,1.0,0.002502275759322646,0.10000000149011612,3.9267305543056374,1.0391027927398682,0.3618946969509125,0.8052785396575928,-0.22233684360980988,0.41367247700691223
185,-2.0524497032165527,-0.9866911172866821,2.430171489715576,0.23069924116134644,0.23069924116134644,0.23069924116134644,0.23069924116134644,0.23069924116134644,0.23069924116134644,1.0,0.012278307281550584,0.10000000149011612,2.907711917057721,1.177541971206665,0.5827720165252686,0.4597346782684326,0.18455122411251068,-0.6441751718521118
186,-0.9979647397994995,1.671133041381836,3.943154811859131,0.16452424228191376,0.16452424228191376,0.16452424228191376,0.16452424228191376,0.16452424228191376,0.16452424228191376,1.0,0.00445337942166586,0.10000000149011612,3.9746658475450247,1.2200429439544678,-0.6448225378990173,0.20527833700180054,0.5474136471748352,0.4923444092273712
187,1.247747540473938,3.481590747833252,3.2401914596557617,0.21144653856754303,0.21144653856754303,0.21144653856754303,0.21144653856754303,0.21144653856754303,0.21144653856754303,1.0,0.009453698337841291,0.10000000149011612,4.693346880214951,1.1377160549163818,0.7110776305198669,-0.6829073429107666,0.16692332923412323,-0.011954796500504017
188,1.4139890670776367,1.7384427785873413,1.613420844078064,0.14313854277133942,0.14313854277133942,0.14313854277133942,0.14313854277133942,0.14313854277133942,0.14313854277133942,1.0,0.0029327144203212443,0.10000000149011612,2.6224936031669968,1.1688117980957031,-0.6138830184936523,0.46197906136512756,0.28737592697143555,-0.5719598531723022
189,0.5186337232589722,4.2536821365356445,4.6157026290893555,0.1786181479692459,0.1786181479692459,0.1786181479692459,0.1786181479692459,0.1786181479692459,0.1786181479692459,1.0,0.00569871248206232,0.10000000149011612,6.009925003703641,1.1995325088500977,-0.39384156465530396,-0.7653122544288635,-0.5089064240455627,0.014150806702673435
190,1.7799431085586548,-0.24969279766082764,4.482970237731934,0.1616155505180359,0.1616155505180359,0.1616155505180359,0.1616155505180359,0.1616155505180359,0.1616155505180359,1.0,0.004221331298046261,0.10000000149011612,4.454536588793663,1.0272263288497925,0.42364028096199036,0.35409456491470337,0.7398015260696411,0.3844992220401764
191,-3.8916027545928955,3.673919439315796,2.649127960205078,0.19252753257751465,0.19252753257751465,0.19252753257751465,0.19252753257751465,0.19252753257751465,0.19252753257751465,1.0,0.007136389325017183,0.10000000149011612,5.722166674859025,1.1805254220962524,0.5352473855018616,-0.05891592055559158,0.7155466675758362,0.4450080692768097
192,3.035848617553711,3.117849826812744,2.7585744857788086,0.19638590514659882,0.19638590514659882,0.19638590514659882,0.19638590514659882,0.19638590514659882,0.19638590514659882,1.0,0.007574098420401206,0.10000000149011612,5.0275623497392985,1.1629234552383423,0.31065183877944946,0.7661250829696655,0.5188489556312561,-0.21758587658405304
193,4.897055149078369,3.5601444244384766,3.7299413681030273,0.196303129196167,0.196303129196167,0.196303129196167,0.196303129196167,0.196303129196167,0.196303129196167,1.0,0.007564525091191606,0.10000000149011612,6.994057769589698,1.0561678409576416,-0.14992456138134003,0.4897654056549072,-0.8554014563560486,0.07707597315311432
194,-1.9567513465881348,-2.004411220550537,3.892160654067993,0.2289905697107315,0.2289905697107315,0.2289905697107315,0.2289905697107315,0.2289905697107315,0.2289905697107315,1.0,0.01200750545969573,0.10000000149011612,4.351984965933049,1.0569226741790771,-0.03079233504831791,-0.2316245436668396,-0.5157557129859924,-0.8242560029029846
195,-4.4571356773376465,-1.4506161212921143,3.5139732360839844,0.2268255650997162,0.2268255650997162,0.2268255650997162,0.2268255650997162,0.2268255650997162,0.2268255650997162,1.0,0.011670138347913153,0.10000000149011612,5.47840628420686,1.159839153289795,-0.08274009823799133,0.6141895651817322,0.7510006427764893,-0.2278667688369751
196,-4.666855335235596,-2.686633586883545,2.6069021224975586,0.1672346442937851,0.1672346442937851,0.1672346442937851,0.1672346442937851,0.1672346442937851,0.1672346442937851,1.0,0.004677122581077398,0.10000000149011612,5.671775121105306,1.0770808458328247,-0.447537362575531,0.6128051280975342,-0.41561365127563477,-0.5014433264732361
197,0.7362377643585205,0.08658826351165771,1.3206511735916138,0.23095856606960297,0.23095856606960297,0.23095856606960297,0.23095856606960297,0.23095856606960297,0.23095856606960297,1.0,0.012319759321771137,0.10000000149011612,1.2250051819112244,0.9529512524604797,0.21828435361385345,-0.5219743251800537,0.11012697964906693,-0.8171700239181519
198,1.746525764465332,0.04583477973937988,4.021617889404297,0.22512371838092804,0.22512371838092804,0.22512371838092804,0.22512371838092804,0.22512371838092804,0.22512371838092804,1.0,0.01140942506270761,0.10000000149011612,4.023161626131351,1.1454041004180908,0.07059580087661743,-0.18035221099853516,-0.8862424492835999,0.42078930139541626
199,1.197429895401001,-0.6204360723495483,4.034672737121582,0.21780619025230408,0.21780619025230408,0.21780619025230408,0.21780619025230408,0.21780619025230408,0.21780619025230408,1.0,0.010332624715062343,0.10000000149011612,3.853016822425929,1.0028071403503418,-0.7300546765327454,0.10253304243087769,0.31562045216560364,-0.5974034070968628
