scene,trial,step,candidate_budget,candidate_count_total,candidate_count_forced_near,candidate_count_forced_heading,candidate_count_risk_ranked,candidate_count_final,fallback_used,v1_insertion_level,near_distance_threshold,heading_distance_threshold,heading_cos_threshold,risk_score_name,fallback_reason,min_safety_h_step,runtime_step,control_deviation,active_constraints_count
stonehenge,0,1,2000,116446,1539,7916,0,8765,False,partial_pre_cbf,0.08,0.25,0.5,risk_v2_hybrid,,0.0028044122736901045,0.03970186226069927,3.769135226150411e-09,649
stonehenge,0,2,2000,116446,1539,7916,0,8765,False,partial_pre_cbf,0.08,0.25,0.5,risk_v2_hybrid,,0.002782857045531273,0.036823609843850136,1.1438683777953429e-08,646
stonehenge,0,3,2000,116446,1546,7905,0,8756,False,partial_pre_cbf,0.08,0.25,0.5,risk_v2_hybrid,,0.002742249518632889,0.036625126376748085,5.3835471192087425e-08,587
stonehenge,0,4,2000,116446,1567,7887,0,8746,False,partial_pre_cbf,0.08,0.25,0.5,risk_v2_hybrid,,0.0026851086877286434,0.03652224503457546,8.409358542849077e-09,524
stonehenge,0,5,2000,116446,1586,7854,0,8726,False,partial_pre_cbf,0.08,0.25,0.5,risk_v2_hybrid,,0.002613916527479887,0.03551632724702358,0.0026818604674190283,451
stonehenge,0,6,2000,116446,1616,7811,0,8706,False,partial_pre_cbf,0.08,0.25,0.5,risk_v2_hybrid,,0.0025317699182778597,0.035038525238633156,0.01137987244874239,392
stonehenge,0,7,2000,116446,1660,7774,0,8693,False,partial_pre_cbf,0.08,0.25,0.5,risk_v2_hybrid,,0.0024430889170616865,0.03439723514020443,0.017343273386359215,341
stonehenge,0,8,2000,116446,1704,7763,0,8692,False,partial_pre_cbf,0.08,0.25,0.5,risk_v2_hybrid,,0.002351077739149332,0.03411770053207874,0.02131059765815735,300
stonehenge,0,9,2000,116446,1744,7768,0,8713,False,partial_pre_cbf,0.08,0.25,0.5,risk_v2_hybrid,,0.0022580449003726244,0.034237900748848915,0.023788418620824814,264
stonehenge,0,10,2000,116446,1792,7752,0,8727,False,partial_pre_cbf,0.08,0.25,0.5,risk_v2_hybrid,,0.0021656418684870005,0.034260332584381104,0.02513178437948227,245
stonehenge,0,11,2000,116446,1847,7769,0,8772,False,partial_pre_cbf,0.08,0.25,0.5,risk_v2_hybrid,,0.0020750302355736494,0.03395545110106468,0.027460390701889992,230
stonehenge,0,12,2000,116446,1889,7792,0,8825,False,partial_pre_cbf,0.08,0.25,0.5,risk_v2_hybrid,,0.0019873615819960833,0.0341919269412756,0.03006173111498356,219
stonehenge,0,13,2000,116446,1941,7792,0,8857,False,partial_pre_cbf,0.08,0.25,0.5,risk_v2_hybrid,,0.0019037133315578103,0.03374549187719822,0.03174717724323273,216
stonehenge,0,14,2000,116446,1983,7795,0,8897,False,partial_pre_cbf,0.08,0.25,0.5,risk_v2_hybrid,,0.001824787468649447,0.03396596573293209,0.03275103121995926,212
stonehenge,0,15,2000,116446,2039,7836,0,8983,False,partial_pre_cbf,0.08,0.25,0.5,risk_v2_hybrid,,0.0017510169418528676,0.0338229201734066,0.03324141725897789,219
stonehenge,0,16,2000,116446,2084,7871,0,9055,False,partial_pre_cbf,0.08,0.25,0.5,risk_v2_hybrid,,0.0016826490173116326,0.03373754024505615,0.03333760052919388,207
stonehenge,0,17,2000,116446,2128,7864,0,9091,False,partial_pre_cbf,0.08,0.25,0.5,risk_v2_hybrid,,0.0016198049997910857,0.033415939658880234,0.0331222303211689,203
stonehenge,0,18,2000,116446,2172,7860,0,9118,False,partial_pre_cbf,0.08,0.25,0.5,risk_v2_hybrid,,0.0015625195810571313,0.033377645537257195,0.03265003487467766,198
stonehenge,0,19,2000,116446,2220,7838,0,9131,False,partial_pre_cbf,0.08,0.25,0.5,risk_v2_hybrid,,0.001510768779553473,0.033255577087402344,0.031954605132341385,187
stonehenge,0,20,2000,116446,2264,7787,0,9117,False,partial_pre_cbf,0.08,0.25,0.5,risk_v2_hybrid,,0.0014644936891272664,0.03388076648116112,0.031052742153406143,187
stonehenge,0,21,2000,116446,2300,7710,0,9078,False,partial_pre_cbf,0.08,0.25,0.5,risk_v2_hybrid,,0.0014236149145290256,0.03322428837418556,0.029948042705655098,182
stonehenge,0,22,2000,116446,2349,7627,0,9043,False,partial_pre_cbf,0.08,0.25,0.5,risk_v2_hybrid,,0.0013880409533157945,0.032910650596022606,0.02863297611474991,171
stonehenge,0,23,2000,116446,2384,7539,0,8999,False,partial_pre_cbf,0.08,0.25,0.5,risk_v2_hybrid,,0.0013576810015365481,0.03343849629163742,0.02709124982357025,162
stonehenge,0,24,2000,116446,2433,7462,0,8968,False,partial_pre_cbf,0.08,0.25,0.5,risk_v2_hybrid,,0.0013324428582563996,0.033508045598864555,0.025298483669757843,157
stonehenge,0,25,2000,116446,2482,7400,0,8942,False,partial_pre_cbf,0.08,0.25,0.5,risk_v2_hybrid,,0.0013122409582138062,0.03292335569858551,0.023223696276545525,150
stonehenge,0,26,2000,116446,2535,7371,0,8949,False,partial_pre_cbf,0.08,0.25,0.5,risk_v2_hybrid,,0.0012969966046512127,0.033119384199380875,0.020829416811466217,142
stonehenge,0,27,2000,116446,2574,7383,0,8990,False,partial_pre_cbf,0.08,0.25,0.5,risk_v2_hybrid,,0.0012829500483348966,0.03391782008111477,0.018072638660669327,139
stonehenge,0,28,2000,116446,2601,7384,0,9014,False,partial_pre_cbf,0.08,0.25,0.5,risk_v2_hybrid,,0.0012709078146144748,0.032801007851958275,0.014905069023370743,134
stonehenge,0,29,2000,116446,2637,7403,0,9065,False,partial_pre_cbf,0.08,0.25,0.5,risk_v2_hybrid,,0.0012633291771635413,0.03270707279443741,0.011273382231593132,122
stonehenge,0,30,2000,116446,2664,7416,0,9100,False,partial_pre_cbf,0.08,0.25,0.5,risk_v2_hybrid,,0.00126019271556288,0.03262747451663017,0.007119451649487019,113
stonehenge,0,31,2000,116446,2684,7431,0,9132,False,partial_pre_cbf,0.08,0.25,0.5,risk_v2_hybrid,,0.001259394222870469,0.032869623973965645,0.0023813231382519007,116
stonehenge,0,32,2000,116446,2695,7466,0,9165,False,partial_pre_cbf,0.08,0.25,0.5,risk_v2_hybrid,,0.0012595320586115122,0.033847568556666374,0.0017644899198785424,101
stonehenge,0,33,2000,116446,2688,7525,0,9217,False,partial_pre_cbf,0.08,0.25,0.5,risk_v2_hybrid,,0.0012636855244636536,0.03577488847076893,0.004316701553761959,95
stonehenge,0,34,2000,116446,2673,7596,0,9291,False,partial_pre_cbf,0.08,0.25,0.5,risk_v2_hybrid,,0.0012724363477900624,0.0324860867112875,0.006037549115717411,110
stonehenge,0,35,2000,116446,2649,7661,0,9362,False,partial_pre_cbf,0.08,0.25,0.5,risk_v2_hybrid,,0.0012866195756942034,0.032739873975515366,0.007049220614135265,111
stonehenge,0,36,2000,116446,2633,7673,0,9427,False,partial_pre_cbf,0.08,0.25,0.5,risk_v2_hybrid,,0.0013072430156171322,0.03281225077807903,0.0074562737718224525,115
stonehenge,0,37,2000,116446,2607,7673,0,9513,False,partial_pre_cbf,0.08,0.25,0.5,risk_v2_hybrid,,0.0013265818124637008,0.03285616636276245,0.0073561640456318855,105
stonehenge,0,38,2000,116446,2612,7670,0,9645,False,partial_pre_cbf,0.08,0.25,0.5,risk_v2_hybrid,,0.0013320950092747808,0.0331149585545063,0.006835724227130413,111
stonehenge,0,39,2000,116446,2607,7763,0,9822,False,partial_pre_cbf,0.08,0.25,0.5,risk_v2_hybrid,,0.0013401759788393974,0.03302108496427536,0.005965264048427343,115
stonehenge,0,40,2000,116446,2605,7836,0,9915,False,partial_pre_cbf,0.08,0.25,0.5,risk_v2_hybrid,,0.0013577387435361743,0.03338989429175854,0.006216120440512896,120
stonehenge,0,41,2000,116446,2588,7570,0,9549,False,partial_pre_cbf,0.08,0.25,0.5,risk_v2_hybrid,,0.0013854148564860225,0.033488115295767784,0.008623573929071426,132
stonehenge,0,42,2000,116446,2580,7605,0,9477,False,partial_pre_cbf,0.08,0.25,0.5,risk_v2_hybrid,,0.001423584297299385,0.03326369263231754,0.01028190366923809,151
stonehenge,0,43,2000,116446,2554,7401,0,9197,False,partial_pre_cbf,0.08,0.25,0.5,risk_v2_hybrid,,0.0014725584769621491,0.033532653003931046,0.011340887285768986,147
stonehenge,0,44,2000,116446,2519,7208,0,8937,False,partial_pre_cbf,0.08,0.25,0.5,risk_v2_hybrid,,0.0015325989807024598,0.034026676788926125,0.011915279552340508,162
stonehenge,0,45,2000,116446,2485,7456,0,9133,False,partial_pre_cbf,0.08,0.25,0.5,risk_v2_hybrid,,0.0016039460897445679,0.034247761592268944,0.012091660872101784,160
stonehenge,0,46,2000,116446,2449,7537,0,9169,False,partial_pre_cbf,0.08,0.25,0.5,risk_v2_hybrid,,0.0016868234379217029,0.033796314150094986,0.011933167465031147,155
stonehenge,0,47,2000,116446,2408,7514,0,9106,False,partial_pre_cbf,0.08,0.25,0.5,risk_v2_hybrid,,0.0017814537277445197,0.03389816917479038,0.011484237387776375,151
stonehenge,0,48,2000,116446,2360,7462,0,9012,False,partial_pre_cbf,0.08,0.25,0.5,risk_v2_hybrid,,0.001888058497570455,0.03364469110965729,0.01077328622341156,143
stonehenge,0,49,2000,116446,2310,7373,0,8889,False,partial_pre_cbf,0.08,0.25,0.5,risk_v2_hybrid,,0.002006867900490761,0.033575281500816345,0.009799249470233917,164
stonehenge,0,50,2000,116446,2257,7341,0,8804,False,partial_pre_cbf,0.08,0.25,0.5,risk_v2_hybrid,,0.0021381236147135496,0.03389759734272957,0.009777065366506577,164
stonehenge,0,51,2000,116446,2191,7320,0,8761,False,partial_pre_cbf,0.08,0.25,0.5,risk_v2_hybrid,,0.002278972649946809,0.03432605229318142,0.013414147309958935,158
stonehenge,0,52,2000,116446,2120,7305,0,8742,False,partial_pre_cbf,0.08,0.25,0.5,risk_v2_hybrid,,0.0024238317273557186,0.03358345292508602,0.01705869846045971,160
stonehenge,0,53,2000,116446,2083,7315,0,8773,False,partial_pre_cbf,0.08,0.25,0.5,risk_v2_hybrid,,0.0025533537846058607,0.034544652327895164,0.02004172094166279,169
stonehenge,0,54,2000,116446,2007,7218,0,8684,False,partial_pre_cbf,0.08,0.25,0.5,risk_v2_hybrid,,0.0025649573653936386,0.03327561728656292,0.022528832778334618,154
stonehenge,0,55,2000,116446,1924,6942,0,8397,False,partial_pre_cbf,0.08,0.25,0.5,risk_v2_hybrid,,0.0025692989584058523,0.03317961096763611,0.02464279718697071,142
stonehenge,0,56,2000,116446,1862,6728,0,8187,False,partial_pre_cbf,0.08,0.25,0.5,risk_v2_hybrid,,0.0025498466566205025,0.032228557392954826,0.02647584117949009,156
stonehenge,0,57,2000,116446,1795,6874,0,8352,False,partial_pre_cbf,0.08,0.25,0.5,risk_v2_hybrid,,0.0025331215001642704,0.03323702700436115,0.028096819296479225,153
stonehenge,0,58,2000,116446,1729,7373,0,8850,False,partial_pre_cbf,0.08,0.25,0.5,risk_v2_hybrid,,0.002524029463529587,0.03314138576388359,0.02955743670463562,162
stonehenge,0,59,2000,116446,1657,7720,0,9202,False,partial_pre_cbf,0.08,0.25,0.5,risk_v2_hybrid,,0.002522318856790662,0.03332524560391903,0.030896814540028572,174
stonehenge,0,60,2000,116446,1597,7705,0,9177,False,partial_pre_cbf,0.08,0.25,0.5,risk_v2_hybrid,,0.0025273726787418127,0.03317865543067455,0.032144688069820404,170
stonehenge,0,61,2000,116446,1532,7734,0,9172,False,partial_pre_cbf,0.08,0.25,0.5,risk_v2_hybrid,,0.002515189815312624,0.03364013507962227,0.033323563635349274,171
stonehenge,0,62,2000,116446,1466,7853,0,9236,False,partial_pre_cbf,0.08,0.25,0.5,risk_v2_hybrid,,0.0025100780185312033,0.033312296494841576,0.03445076569914818,173
stonehenge,0,63,2000,116446,1403,7933,0,9263,False,partial_pre_cbf,0.08,0.25,0.5,risk_v2_hybrid,,0.0025118589401245117,0.03361050970852375,0.03553922846913338,188
stonehenge,0,64,2000,116446,1349,8023,0,9297,False,partial_pre_cbf,0.08,0.25,0.5,risk_v2_hybrid,,0.0025203642435371876,0.03345745988190174,0.03659890219569206,183
stonehenge,0,65,2000,116446,1323,8109,0,9357,False,partial_pre_cbf,0.08,0.25,0.5,risk_v2_hybrid,,0.0025247351732105017,0.03444470278918743,0.03763708472251892,174
stonehenge,0,66,2000,116446,1296,7993,0,9213,False,partial_pre_cbf,0.08,0.25,0.5,risk_v2_hybrid,,0.0025215772911906242,0.03321085311472416,0.03865908831357956,169
stonehenge,0,67,2000,116446,1245,7918,0,9090,False,partial_pre_cbf,0.08,0.25,0.5,risk_v2_hybrid,,0.0025233812630176544,0.0340301264077425,0.03966861218214035,174
stonehenge,0,68,2000,116446,1224,7701,0,8853,False,partial_pre_cbf,0.08,0.25,0.5,risk_v2_hybrid,,0.0025141260121017694,0.03337382338941097,0.04066772013902664,176
stonehenge,0,69,2000,116446,1194,7275,0,8382,False,partial_pre_cbf,0.08,0.25,0.5,risk_v2_hybrid,,0.0024983943440020084,0.03360873647034168,0.04165733978152275,164
stonehenge,0,70,2000,116446,1170,7168,0,8247,False,partial_pre_cbf,0.08,0.25,0.5,risk_v2_hybrid,,0.0024770412128418684,0.03326888009905815,0.04263729602098465,153
stonehenge,0,71,2000,116446,1177,7091,0,8164,False,partial_pre_cbf,0.08,0.25,0.5,risk_v2_hybrid,,0.0024614494759589434,0.033096157014369965,0.04360625892877579,184
stonehenge,0,72,2000,116446,1192,7140,0,8208,False,partial_pre_cbf,0.08,0.25,0.5,risk_v2_hybrid,,0.002451433567330241,0.03353728912770748,0.04456199333071709,190
stonehenge,0,73,2000,116446,1205,7192,0,8248,False,partial_pre_cbf,0.08,0.25,0.5,risk_v2_hybrid,,0.002446845406666398,0.032979151234030724,0.04550118371844292,170
stonehenge,0,74,2000,116446,1213,7243,0,8284,False,partial_pre_cbf,0.08,0.25,0.5,risk_v2_hybrid,,0.002444341778755188,0.03288573771715164,0.04641939327120781,143
stonehenge,0,75,2000,116446,1221,7285,0,8312,False,partial_pre_cbf,0.08,0.25,0.5,risk_v2_hybrid,,0.0024346155114471912,0.03261805512011051,0.04731178283691406,151
stonehenge,0,76,2000,116446,1254,7346,0,8370,False,partial_pre_cbf,0.08,0.25,0.5,risk_v2_hybrid,,0.0024285493418574333,0.03296842239797115,0.048221953213214874,159
stonehenge,0,77,2000,116446,1275,7418,0,8440,False,partial_pre_cbf,0.08,0.25,0.5,risk_v2_hybrid,,0.0024261842481791973,0.03365262784063816,0.0490926168859005,192
stonehenge,0,78,2000,116446,1293,7465,0,8475,False,partial_pre_cbf,0.08,0.25,0.5,risk_v2_hybrid,,0.002416518284007907,0.03328833915293217,0.0499112643301487,200
stonehenge,0,79,2000,116446,1312,7520,0,8522,False,partial_pre_cbf,0.08,0.25,0.5,risk_v2_hybrid,,0.002403917722404003,0.03325585834681988,0.05067158117890358,194
stonehenge,0,80,2000,116446,1336,7567,0,8562,False,partial_pre_cbf,0.08,0.25,0.5,risk_v2_hybrid,,0.002397254342213273,0.03347100876271725,0.05136679857969284,198
stonehenge,0,81,2000,116446,1352,7612,0,8595,False,partial_pre_cbf,0.08,0.25,0.5,risk_v2_hybrid,,0.0023960021790117025,0.033600907772779465,0.05202696472406387,193
stonehenge,0,82,2000,116446,1357,7652,0,8620,False,partial_pre_cbf,0.08,0.25,0.5,risk_v2_hybrid,,0.002373253693804145,0.03386620245873928,0.052860550582408905,214
stonehenge,0,83,2000,116446,1369,7671,0,8630,False,partial_pre_cbf,0.08,0.25,0.5,risk_v2_hybrid,,0.0022684596478939056,0.033796416595578194,0.05363777279853821,218
stonehenge,0,84,2000,116446,1378,7710,0,8650,False,partial_pre_cbf,0.08,0.25,0.5,risk_v2_hybrid,,0.0021687541157007217,0.03362003713846207,0.055361200124025345,220
stonehenge,0,85,2000,116446,1392,7784,0,8708,False,partial_pre_cbf,0.08,0.25,0.5,risk_v2_hybrid,,0.002074234886094928,0.034213777631521225,0.05838703736662865,232
stonehenge,0,86,2000,116446,1410,7844,0,8761,False,partial_pre_cbf,0.08,0.25,0.5,risk_v2_hybrid,,0.0019852847326546907,0.03365539573132992,0.06078221648931503,229
stonehenge,0,87,2000,116446,1427,7890,0,8794,False,partial_pre_cbf,0.08,0.25,0.5,risk_v2_hybrid,,0.0019020541803911328,0.03395606949925423,0.0626721903681755,236
stonehenge,0,88,2000,116446,1434,7898,0,8783,False,partial_pre_cbf,0.08,0.25,0.5,risk_v2_hybrid,,0.0018245246028527617,0.03390380181372166,0.05987578630447388,236
stonehenge,0,89,2000,116446,1458,7924,0,8811,False,partial_pre_cbf,0.08,0.25,0.5,risk_v2_hybrid,,0.001751634874381125,0.033869793638587,0.05666177347302437,222
stonehenge,0,90,2000,116446,1474,7933,0,8814,False,partial_pre_cbf,0.08,0.25,0.5,risk_v2_hybrid,,0.0016824156045913696,0.033818742260336876,0.054587315768003464,220
stonehenge,0,91,2000,116446,1488,7950,0,8814,False,partial_pre_cbf,0.08,0.25,0.5,risk_v2_hybrid,,0.0016142387175932527,0.03373078443109989,0.053086332976818085,215
stonehenge,0,92,2000,116446,1496,7940,0,8797,False,partial_pre_cbf,0.08,0.25,0.5,risk_v2_hybrid,,0.0015474268002435565,0.03382223844528198,0.05329224094748497,215
stonehenge,0,93,2000,116446,1510,7949,0,8792,False,partial_pre_cbf,0.08,0.25,0.5,risk_v2_hybrid,,0.0014834455214440823,0.034216566011309624,0.054831814020872116,218
stonehenge,0,94,2000,116446,1528,7955,0,8791,False,partial_pre_cbf,0.08,0.25,0.5,risk_v2_hybrid,,0.0014224718324840069,0.03358687646687031,0.05605032294988632,224
stonehenge,0,95,2000,116446,1543,7951,0,8768,False,partial_pre_cbf,0.08,0.25,0.5,risk_v2_hybrid,,0.001364684198051691,0.03360872343182564,0.05685605853796005,215
stonehenge,0,96,2000,116446,1572,7960,0,8771,False,partial_pre_cbf,0.08,0.25,0.5,risk_v2_hybrid,,0.0013101680669933558,0.03347884304821491,0.05784248188138008,212
stonehenge,0,97,2000,116446,1589,7936,0,8739,False,partial_pre_cbf,0.08,0.25,0.5,risk_v2_hybrid,,0.001258825184777379,0.03345409408211708,0.05895299091935158,202
stonehenge,0,98,2000,116446,1618,7923,0,8725,False,partial_pre_cbf,0.08,0.25,0.5,risk_v2_hybrid,,0.0012107528746128082,0.033273788169026375,0.059729889035224915,199
stonehenge,0,99,2000,116446,1635,7904,0,8698,False,partial_pre_cbf,0.08,0.25,0.5,risk_v2_hybrid,,0.0011659993324428797,0.03351400047540665,0.06022156774997711,192
stonehenge,0,100,2000,116446,1651,7882,0,8669,False,partial_pre_cbf,0.08,0.25,0.5,risk_v2_hybrid,,0.0011245901696383953,0.03311159834265709,0.06046061962842941,183
stonehenge,0,101,2000,116446,1667,7867,0,8644,False,partial_pre_cbf,0.08,0.25,0.5,risk_v2_hybrid,,0.001086555770598352,0.03285720758140087,0.0604676827788353,188
stonehenge,0,102,2000,116446,1677,7848,0,8619,False,partial_pre_cbf,0.08,0.25,0.5,risk_v2_hybrid,,0.001051940256729722,0.03337795287370682,0.060254015028476715,180
stonehenge,0,103,2000,116446,1685,7836,0,8603,False,partial_pre_cbf,0.08,0.25,0.5,risk_v2_hybrid,,0.0010208114981651306,0.03334205970168114,0.059823229908943176,168
stonehenge,0,104,2000,116446,1711,7827,0,8601,False,partial_pre_cbf,0.08,0.25,0.5,risk_v2_hybrid,,0.0009932551765814424,0.03339466080069542,0.059172894805669785,163
stonehenge,0,105,2000,116446,1738,7824,0,8614,False,partial_pre_cbf,0.08,0.25,0.5,risk_v2_hybrid,,0.0009693658212199807,0.03431611694395542,0.058295030146837234,162
stonehenge,0,106,2000,116446,1748,7834,0,8630,False,partial_pre_cbf,0.08,0.25,0.5,risk_v2_hybrid,,0.0009492415701970458,0.033373693004250526,0.057176634669303894,148
stonehenge,0,107,2000,116446,1761,7844,0,8652,False,partial_pre_cbf,0.08,0.25,0.5,risk_v2_hybrid,,0.0009329799795523286,0.032804710790514946,0.0558430477976799,143
stonehenge,0,108,2000,116446,1779,7849,0,8667,False,partial_pre_cbf,0.08,0.25,0.5,risk_v2_hybrid,,0.0009205478709191084,0.03310339152812958,0.054375194013118744,134
stonehenge,0,109,2000,116446,1789,7847,0,8669,False,partial_pre_cbf,0.08,0.25,0.5,risk_v2_hybrid,,0.0009118850575760007,0.03263119235634804,0.052690088748931885,130
stonehenge,0,110,2000,116446,1808,7859,0,8700,False,partial_pre_cbf,0.08,0.25,0.5,risk_v2_hybrid,,0.0009069556836038828,0.032768614590168,0.05069143697619438,123
stonehenge,0,111,2000,116446,1822,7861,0,8708,False,partial_pre_cbf,0.08,0.25,0.5,risk_v2_hybrid,,0.0009057619608938694,0.03307037800550461,0.04829008877277374,121
stonehenge,0,112,2000,116446,1841,7870,0,8729,False,partial_pre_cbf,0.08,0.25,0.5,risk_v2_hybrid,,0.0009083494078367949,0.03303578495979309,0.04539671912789345,123
stonehenge,0,113,2000,116446,1864,7882,0,8761,False,partial_pre_cbf,0.08,0.25,0.5,risk_v2_hybrid,,0.0009087334619835019,0.033576710149645805,0.0427483506500721,125
stonehenge,0,114,2000,116446,1881,7881,0,8787,False,partial_pre_cbf,0.08,0.25,0.5,risk_v2_hybrid,,0.0009113912237808108,0.03295311890542507,0.03994673863053322,124
stonehenge,0,115,2000,116446,1887,7873,0,8801,False,partial_pre_cbf,0.08,0.25,0.5,risk_v2_hybrid,,0.0009123238269239664,0.03304685838520527,0.03673870489001274,130
stonehenge,0,116,2000,116446,1891,7848,0,8807,False,partial_pre_cbf,0.08,0.25,0.5,risk_v2_hybrid,,0.0009085071505978703,0.03257663920521736,0.03304705768823624,134
stonehenge,0,117,2000,116446,1903,7780,0,8803,False,partial_pre_cbf,0.08,0.25,0.5,risk_v2_hybrid,,0.0009019396966323256,0.03303924947977066,0.029183246195316315,137
stonehenge,0,118,2000,116446,1914,7705,0,8786,False,partial_pre_cbf,0.08,0.25,0.5,risk_v2_hybrid,,0.0008882303955033422,0.03322255797684193,0.024696217849850655,134
stonehenge,0,119,2000,116446,1926,7615,0,8776,False,partial_pre_cbf,0.08,0.25,0.5,risk_v2_hybrid,,0.00087647361215204,0.03332727029919624,0.020238135010004044,140
stonehenge,0,120,2000,116446,1933,7556,0,8775,False,partial_pre_cbf,0.08,0.25,0.5,risk_v2_hybrid,,0.0008665518835186958,0.03265856206417084,0.016360022127628326,144
stonehenge,0,121,2000,116446,1931,7496,0,8808,False,partial_pre_cbf,0.08,0.25,0.5,risk_v2_hybrid,,0.0008584823226556182,0.03346443735063076,0.014230099506676197,129
stonehenge,0,122,2000,116446,1951,7457,0,8892,False,partial_pre_cbf,0.08,0.25,0.5,risk_v2_hybrid,,0.0008528114994987845,0.03324888274073601,0.013250816613435745,132
stonehenge,0,123,2000,116446,1953,7423,0,8957,False,partial_pre_cbf,0.08,0.25,0.5,risk_v2_hybrid,,0.0008511258056387305,0.03304675966501236,0.012336785905063152,132
stonehenge,0,124,2000,116446,1955,7178,0,8821,False,partial_pre_cbf,0.08,0.25,0.5,risk_v2_hybrid,,0.0008548743790015578,0.033003030344843864,0.01107867807149887,130
stonehenge,0,125,2000,116446,1970,6637,0,8267,False,partial_pre_cbf,0.08,0.25,0.5,risk_v2_hybrid,,0.0008654216071590781,0.03409746289253235,0.010354322381317616,131
stonehenge,0,126,2000,116446,1988,6108,0,7732,False,partial_pre_cbf,0.08,0.25,0.5,risk_v2_hybrid,,0.0008839780930429697,0.03207089938223362,0.010195332579314709,139
stonehenge,0,127,2000,116446,1998,6426,0,8032,False,partial_pre_cbf,0.08,0.25,0.5,risk_v2_hybrid,,0.0009115168359130621,0.03250030428171158,0.009812982752919197,139
stonehenge,0,128,2000,116446,2001,6953,0,8486,False,partial_pre_cbf,0.08,0.25,0.5,risk_v2_hybrid,,0.0009446454932913184,0.03325100801885128,0.009193436242640018,146
stonehenge,0,129,2000,116446,2009,7274,0,8783,False,partial_pre_cbf,0.08,0.25,0.5,risk_v2_hybrid,,0.0009878126438707113,0.033089326694607735,0.011160566471517086,155
stonehenge,0,130,2000,116446,1997,7579,0,9073,False,partial_pre_cbf,0.08,0.25,0.5,risk_v2_hybrid,,0.0010404832428321242,0.03362433798611164,0.013088474981486797,165
stonehenge,0,131,2000,116446,2005,7758,0,9258,False,partial_pre_cbf,0.08,0.25,0.5,risk_v2_hybrid,,0.001101836678571999,0.03326559253036976,0.014541068114340305,160
stonehenge,0,132,2000,116446,2003,7730,0,9226,False,partial_pre_cbf,0.08,0.25,0.5,risk_v2_hybrid,,0.0011690834071487188,0.033325087279081345,0.015619773417711258,163
stonehenge,0,133,2000,116446,1998,7736,0,9243,False,partial_pre_cbf,0.08,0.25,0.5,risk_v2_hybrid,,0.0012476309202611446,0.03385253995656967,0.016534795984625816,174
stonehenge,0,134,2000,116446,1980,7764,0,9262,False,partial_pre_cbf,0.08,0.25,0.5,risk_v2_hybrid,,0.0013379511656239629,0.03421418182551861,0.017140479758381844,181
stonehenge,0,135,2000,116446,1976,7818,0,9309,False,partial_pre_cbf,0.08,0.25,0.5,risk_v2_hybrid,,0.0014400760410353541,0.033951813355088234,0.017477072775363922,192
stonehenge,0,136,2000,116446,1966,7870,0,9358,False,partial_pre_cbf,0.08,0.25,0.5,risk_v2_hybrid,,0.0015540339518338442,0.03397585637867451,0.018636371940374374,194
stonehenge,0,137,2000,116446,1950,7914,0,9384,False,partial_pre_cbf,0.08,0.25,0.5,risk_v2_hybrid,,0.001574076828546822,0.033955711871385574,0.01953926496207714,182
stonehenge,0,138,2000,116446,1944,7949,0,9411,False,partial_pre_cbf,0.08,0.25,0.5,risk_v2_hybrid,,0.0015793520724400878,0.03456774912774563,0.0201103612780571,189
stonehenge,0,139,2000,116446,1927,7966,0,9411,False,partial_pre_cbf,0.08,0.25,0.5,risk_v2_hybrid,,0.001591858104802668,0.03496960364282131,0.020654451102018356,194
stonehenge,0,140,2000,116446,1891,7998,0,9404,False,partial_pre_cbf,0.08,0.25,0.5,risk_v2_hybrid,,0.0016003133496269584,0.034533848986029625,0.021082133054733276,195
stonehenge,0,141,2000,116446,1864,8018,0,9401,False,partial_pre_cbf,0.08,0.25,0.5,risk_v2_hybrid,,0.0015990299871191382,0.033989785239100456,0.02121226117014885,176
stonehenge,0,142,2000,116446,1818,7997,0,9339,False,partial_pre_cbf,0.08,0.25,0.5,risk_v2_hybrid,,0.001603516866452992,0.03440994769334793,0.02146497182548046,164
stonehenge,0,143,2000,116446,1775,7971,0,9277,False,partial_pre_cbf,0.08,0.25,0.5,risk_v2_hybrid,,0.001614474575035274,0.034450555220246315,0.02136479690670967,188
stonehenge,0,144,2000,116446,1720,7892,0,9138,False,partial_pre_cbf,0.08,0.25,0.5,risk_v2_hybrid,,0.001627942780032754,0.03434070199728012,0.020922917872667313,189
stonehenge,0,145,2000,116446,1660,7820,0,9021,False,partial_pre_cbf,0.08,0.25,0.5,risk_v2_hybrid,,0.0016374333063140512,0.034370580688118935,0.02014242857694626,181
stonehenge,0,146,2000,116446,1602,7761,0,8917,False,partial_pre_cbf,0.08,0.25,0.5,risk_v2_hybrid,,0.0016526413382962346,0.03367410786449909,0.01901876926422119,170
stonehenge,0,147,2000,116446,1549,7658,0,8783,False,partial_pre_cbf,0.08,0.25,0.5,risk_v2_hybrid,,0.0016704616136848927,0.03354365564882755,0.017541516572237015,148
stonehenge,0,148,2000,116446,1489,7523,0,8614,False,partial_pre_cbf,0.08,0.25,0.5,risk_v2_hybrid,,0.001687345327809453,0.03523290529847145,0.01569410227239132,132
stonehenge,0,149,2000,116446,1432,7386,0,8444,False,partial_pre_cbf,0.08,0.25,0.5,risk_v2_hybrid,,0.0017027853755280375,0.033793261274695396,0.01434759609401226,132
stonehenge,0,150,2000,116446,1390,7219,0,8265,False,partial_pre_cbf,0.08,0.25,0.5,risk_v2_hybrid,,0.0017165725585073233,0.03351297974586487,0.013155289925634861,131
stonehenge,0,151,2000,116446,1334,7054,0,8068,False,partial_pre_cbf,0.08,0.25,0.5,risk_v2_hybrid,,0.0017366571119055152,0.032768936827778816,0.011450916528701782,138
stonehenge,0,152,2000,116446,1281,6911,0,7882,False,partial_pre_cbf,0.08,0.25,0.5,risk_v2_hybrid,,0.0017632324015721679,0.0334017276763916,0.009240526705980301,140
stonehenge,0,153,2000,116446,1234,6764,0,7704,False,partial_pre_cbf,0.08,0.25,0.5,risk_v2_hybrid,,0.0017644126201048493,0.03335218317806721,0.006517685949802399,128
stonehenge,0,154,2000,116446,1179,6572,0,7466,False,partial_pre_cbf,0.08,0.25,0.5,risk_v2_hybrid,,0.0017316621961072087,0.032911283895373344,0.003264831379055977,127
stonehenge,0,155,2000,116446,1119,6370,0,7210,False,partial_pre_cbf,0.08,0.25,0.5,risk_v2_hybrid,,0.0017020762898027897,0.031811803579330444,1.7518026140805887e-07,121
stonehenge,0,156,2000,116446,1058,6269,0,7061,False,partial_pre_cbf,0.08,0.25,0.5,risk_v2_hybrid,,0.0016792495734989643,0.03169150464236736,5.887439513685422e-08,118
stonehenge,0,157,2000,116446,1007,6140,0,6890,False,partial_pre_cbf,0.08,0.25,0.5,risk_v2_hybrid,,0.0016634630737826228,0.03158417344093323,1.0339358702537993e-08,121
stonehenge,0,158,2000,116446,997,6077,0,6831,False,partial_pre_cbf,0.08,0.25,0.5,risk_v2_hybrid,,0.001652712351642549,0.031939996406435966,6.764120819013897e-09,122
stonehenge,0,159,2000,116446,982,6051,0,6818,False,partial_pre_cbf,0.08,0.25,0.5,risk_v2_hybrid,,0.0016305226599797606,0.032557278871536255,6.035659971814766e-09,122
stonehenge,0,160,2000,116446,968,6059,0,6839,False,partial_pre_cbf,0.08,0.25,0.5,risk_v2_hybrid,,0.0016137807397171855,0.03269027732312679,4.987635637832e-09,119
stonehenge,0,161,2000,116446,960,6189,0,6993,False,partial_pre_cbf,0.08,0.25,0.5,risk_v2_hybrid,,0.0016023170901462436,0.0323417317122221,4.312476598045123e-09,124
stonehenge,0,162,2000,116446,937,5994,0,6856,False,partial_pre_cbf,0.08,0.25,0.5,risk_v2_hybrid,,0.0015876032412052155,0.03244245611131191,3.966671435762237e-09,131
stonehenge,0,163,2000,116446,926,6182,0,7120,False,partial_pre_cbf,0.08,0.25,0.5,risk_v2_hybrid,,0.001573278452269733,0.03210982494056225,6.0982072724868885e-09,123
stonehenge,0,164,2000,116446,921,6568,0,7619,False,partial_pre_cbf,0.08,0.25,0.5,risk_v2_hybrid,,0.0015682911034673452,0.03349343314766884,3.461276376626188e-09,156
stonehenge,0,165,2000,116446,923,6679,0,7803,False,partial_pre_cbf,0.08,0.25,0.5,risk_v2_hybrid,,0.0015708360588178039,0.0329450499266386,1.4237099277281118e-09,178
stonehenge,0,166,2000,116446,916,6396,0,7517,False,partial_pre_cbf,0.08,0.25,0.5,risk_v2_hybrid,,0.0015848141629248857,0.03348967805504799,5.1582496496394015e-08,175
stonehenge,0,167,2000,116446,910,6033,0,7153,False,partial_pre_cbf,0.08,0.25,0.5,risk_v2_hybrid,,0.0016103825764730573,0.03227315843105316,2.18863895895538e-08,146
stonehenge,0,168,2000,116446,899,5805,0,6915,False,partial_pre_cbf,0.08,0.25,0.5,risk_v2_hybrid,,0.001647726632654667,0.03241000324487686,1.8632270837315446e-08,154
stonehenge,0,169,2000,116446,893,5487,0,6592,False,partial_pre_cbf,0.08,0.25,0.5,risk_v2_hybrid,,0.0016970940632745624,0.031777359545230865,5.311856554612859e-08,153
stonehenge,0,170,2000,116446,888,5409,0,6511,False,partial_pre_cbf,0.08,0.25,0.5,risk_v2_hybrid,,0.0017470662714913487,0.03294097259640694,4.61222171566078e-08,170
stonehenge,0,171,2000,116446,892,5327,0,6435,False,partial_pre_cbf,0.08,0.25,0.5,risk_v2_hybrid,,0.0018079133005812764,0.031926969066262245,2.7164711369209726e-08,170
stonehenge,0,172,2000,116446,889,5236,0,6343,False,partial_pre_cbf,0.08,0.25,0.5,risk_v2_hybrid,,0.001869530533440411,0.03223287872970104,1.5232178185442535e-08,172
stonehenge,0,173,2000,116446,895,5079,0,6192,False,partial_pre_cbf,0.08,0.25,0.5,risk_v2_hybrid,,0.0019445187645033002,0.03184866905212402,2.2525988185861934e-08,170
stonehenge,0,174,2000,116446,882,4900,0,6001,False,partial_pre_cbf,0.08,0.25,0.5,risk_v2_hybrid,,0.002032848075032234,0.032665662467479706,3.1959981328100184e-08,167
stonehenge,0,175,2000,116446,883,4700,0,5802,False,partial_pre_cbf,0.08,0.25,0.5,risk_v2_hybrid,,0.0021341051906347275,0.03183359280228615,6.573291955191962e-08,173
stonehenge,0,176,2000,116446,868,4540,0,5629,False,partial_pre_cbf,0.08,0.25,0.5,risk_v2_hybrid,,0.00224711699411273,0.03130558505654335,1.0658259697038375e-07,169
stonehenge,0,177,2000,116446,874,4366,0,5461,False,partial_pre_cbf,0.08,0.25,0.5,risk_v2_hybrid,,0.0023706830106675625,0.031424855813384056,1.4908435597149605e-09,174
stonehenge,0,178,2000,116446,858,4138,0,5219,False,partial_pre_cbf,0.08,0.25,0.5,risk_v2_hybrid,,0.0025053969584405422,0.031620873138308525,2.1027390939565294e-09,179
stonehenge,0,179,2000,116446,848,3928,0,5001,False,partial_pre_cbf,0.08,0.25,0.5,risk_v2_hybrid,,0.0026527387090027332,0.031578682363033295,3.1199522965152937e-09,185
stonehenge,0,180,2000,116446,837,3666,0,4729,False,partial_pre_cbf,0.08,0.25,0.5,risk_v2_hybrid,,0.002813381841406226,0.03174522705376148,7.348241570781511e-09,194
stonehenge,0,181,2000,116446,830,3266,0,4322,False,partial_pre_cbf,0.08,0.25,0.5,risk_v2_hybrid,,0.002987472340464592,0.03156709857285023,2.6719344958792135e-08,195
stonehenge,0,182,2000,116446,818,3017,0,4065,False,partial_pre_cbf,0.08,0.25,0.5,risk_v2_hybrid,,0.003175013232976198,0.03217885084450245,1.3510925782611594e-06,200
stonehenge,0,183,2000,116446,810,2965,0,4008,False,partial_pre_cbf,0.08,0.25,0.5,risk_v2_hybrid,,0.003375956555828452,0.0311123114079237,0.0019153649918735027,198
stonehenge,0,184,2000,116446,803,2852,0,3892,False,partial_pre_cbf,0.08,0.25,0.5,risk_v2_hybrid,,0.003541253972798586,0.031613949686288834,0.004509443882852793,194
stonehenge,0,185,2000,116446,788,2581,0,3614,False,partial_pre_cbf,0.08,0.25,0.5,risk_v2_hybrid,,0.0035520594101399183,0.032386744394898415,0.00655978312715888,210
stonehenge,0,186,2000,116446,770,2598,0,3630,False,partial_pre_cbf,0.08,0.25,0.5,risk_v2_hybrid,,0.003565610386431217,0.031051207333803177,0.008173846639692783,169
stonehenge,0,187,2000,116446,758,4404,0,5422,False,partial_pre_cbf,0.08,0.25,0.5,risk_v2_hybrid,,0.003581753931939602,0.03157902881503105,0.009432893246412277,142
stonehenge,0,188,2000,116446,732,6836,0,7794,False,partial_pre_cbf,0.08,0.25,0.5,risk_v2_hybrid,,0.003585657337680459,0.03424978069961071,0.012051360681653023,147
stonehenge,0,189,2000,116446,711,6830,0,7701,False,partial_pre_cbf,0.08,0.25,0.5,risk_v2_hybrid,,0.003596731461584568,0.03305616416037083,0.01237422227859497,147
stonehenge,0,190,2000,116446,692,6476,0,7263,False,partial_pre_cbf,0.08,0.25,0.5,risk_v2_hybrid,,0.003620949573814869,0.03285127319395542,0.012550810351967812,133
stonehenge,0,191,2000,116446,682,6395,0,7115,False,partial_pre_cbf,0.08,0.25,0.5,risk_v2_hybrid,,0.003651020582765341,0.03215387836098671,0.012586752884089947,121
stonehenge,0,192,2000,116446,654,6342,0,6999,False,partial_pre_cbf,0.08,0.25,0.5,risk_v2_hybrid,,0.0036671729758381844,0.03184663504362106,0.012483195401728153,124
stonehenge,0,193,2000,116446,640,6226,0,6838,False,partial_pre_cbf,0.08,0.25,0.5,risk_v2_hybrid,,0.0036948700435459614,0.0317155122756958,0.012237676419317722,123
stonehenge,0,194,2000,116446,629,6168,0,6748,False,partial_pre_cbf,0.08,0.25,0.5,risk_v2_hybrid,,0.003707687370479107,0.031821658834815025,0.011844219639897346,128
stonehenge,0,195,2000,116446,620,6066,0,6624,False,partial_pre_cbf,0.08,0.25,0.5,risk_v2_hybrid,,0.003731146454811096,0.032451923936605453,0.011293533258140087,137
stonehenge,0,196,2000,116446,615,6006,0,6531,False,partial_pre_cbf,0.08,0.25,0.5,risk_v2_hybrid,,0.0037597701884806156,0.032123757526278496,0.0105729466304183,134
stonehenge,0,197,2000,116446,614,5967,0,6471,False,partial_pre_cbf,0.08,0.25,0.5,risk_v2_hybrid,,0.003787277266383171,0.03169768862426281,0.009740982204675674,132
stonehenge,0,198,2000,116446,615,5930,0,6412,False,partial_pre_cbf,0.08,0.25,0.5,risk_v2_hybrid,,0.0038001080974936485,0.0313239898532629,0.008901295252144337,129
stonehenge,0,199,2000,116446,605,5922,0,6380,False,partial_pre_cbf,0.08,0.25,0.5,risk_v2_hybrid,,0.0037175817415118217,0.031775983050465584,0.00804762914776802,125
stonehenge,0,200,2000,116446,601,5900,0,6349,False,partial_pre_cbf,0.08,0.25,0.5,risk_v2_hybrid,,0.0035440525971353054,0.031498491764068604,0.007618264760822058,126
stonehenge,0,201,2000,116446,592,5888,0,6316,False,partial_pre_cbf,0.08,0.25,0.5,risk_v2_hybrid,,0.003379909321665764,0.03136063180863857,0.00795205682516098,124
stonehenge,0,202,2000,116446,587,5869,0,6293,False,partial_pre_cbf,0.08,0.25,0.5,risk_v2_hybrid,,0.0032249977812170982,0.03159641660749912,0.009924700483679771,129
stonehenge,0,203,2000,116446,595,5824,0,6248,False,partial_pre_cbf,0.08,0.25,0.5,risk_v2_hybrid,,0.0030797962099313736,0.0318476278334856,0.011347172781825066,129
stonehenge,0,204,2000,116446,599,5792,0,6218,False,partial_pre_cbf,0.08,0.25,0.5,risk_v2_hybrid,,0.0029445593245327473,0.03184618428349495,0.01230935100466013,129
stonehenge,0,205,2000,116446,596,5830,0,6252,False,partial_pre_cbf,0.08,0.25,0.5,risk_v2_hybrid,,0.0028193870093673468,0.03227703087031841,0.012876478023827076,136
stonehenge,0,206,2000,116446,599,5905,0,6330,False,partial_pre_cbf,0.08,0.25,0.5,risk_v2_hybrid,,0.0027042697183787823,0.03207908198237419,0.013095425441861153,135
stonehenge,0,207,2000,116446,593,5945,0,6370,False,partial_pre_cbf,0.08,0.25,0.5,risk_v2_hybrid,,0.002599128754809499,0.031997814774513245,0.012998143211007118,143
stonehenge,0,208,2000,116446,601,5987,0,6409,False,partial_pre_cbf,0.08,0.25,0.5,risk_v2_hybrid,,0.002503842581063509,0.03170597553253174,0.01260492391884327,139
stonehenge,0,209,2000,116446,610,5988,0,6411,False,partial_pre_cbf,0.08,0.25,0.5,risk_v2_hybrid,,0.002414210932329297,0.03195341117680073,0.013225949369370937,132
stonehenge,0,210,2000,116446,621,6071,0,6495,False,partial_pre_cbf,0.08,0.25,0.5,risk_v2_hybrid,,0.0023336971644312143,0.031818265095353127,0.01351921260356903,135
stonehenge,0,211,2000,116446,630,6082,0,6501,False,partial_pre_cbf,0.08,0.25,0.5,risk_v2_hybrid,,0.002263179048895836,0.03142908029258251,0.013356875628232956,142
stonehenge,0,212,2000,116446,634,6126,0,6541,False,partial_pre_cbf,0.08,0.25,0.5,risk_v2_hybrid,,0.0022026002407073975,0.03191113844513893,0.012799767777323723,149
stonehenge,0,213,2000,116446,632,6097,0,6506,False,partial_pre_cbf,0.08,0.25,0.5,risk_v2_hybrid,,0.0021518634166568518,0.03203369118273258,0.011894315481185913,160
stonehenge,0,214,2000,116446,638,6066,0,6478,False,partial_pre_cbf,0.08,0.25,0.5,risk_v2_hybrid,,0.0021108498331159353,0.03250609152019024,0.010673923417925835,154
stonehenge,0,215,2000,116446,641,6049,0,6460,False,partial_pre_cbf,0.08,0.25,0.5,risk_v2_hybrid,,0.0020794300362467766,0.03199552372097969,0.010932685807347298,170
stonehenge,0,216,2000,116446,639,6014,0,6420,False,partial_pre_cbf,0.08,0.25,0.5,risk_v2_hybrid,,0.0020575185772031546,0.032509563490748405,0.013484969735145569,169
stonehenge,0,217,2000,116446,650,5976,0,6388,False,partial_pre_cbf,0.08,0.25,0.5,risk_v2_hybrid,,0.0020454286132007837,0.03258729353547096,0.015408830717206001,175
stonehenge,0,218,2000,116446,662,5950,0,6369,False,partial_pre_cbf,0.08,0.25,0.5,risk_v2_hybrid,,0.0020429666619747877,0.03215225227177143,0.01682102121412754,183
stonehenge,0,219,2000,116446,680,5969,0,6398,False,partial_pre_cbf,0.08,0.25,0.5,risk_v2_hybrid,,0.0020486388821154833,0.03204095922410488,0.017809079959988594,180
stonehenge,0,220,2000,116446,702,6048,0,6488,False,partial_pre_cbf,0.08,0.25,0.5,risk_v2_hybrid,,0.002060942817479372,0.03286084532737732,0.01843784563243389,191
stonehenge,0,221,2000,116446,722,6185,0,6641,False,partial_pre_cbf,0.08,0.25,0.5,risk_v2_hybrid,,0.0020808009430766106,0.03240405023097992,0.01894618757069111,195
stonehenge,0,222,2000,116446,744,6343,0,6807,False,partial_pre_cbf,0.08,0.25,0.5,risk_v2_hybrid,,0.002109719207510352,0.03254704922437668,0.019129501655697823,204
stonehenge,0,223,2000,116446,765,6569,0,7042,False,partial_pre_cbf,0.08,0.25,0.5,risk_v2_hybrid,,0.0021484321914613247,0.03299681097269058,0.018943877890706062,205
stonehenge,0,224,2000,116446,777,6763,0,7235,False,partial_pre_cbf,0.08,0.25,0.5,risk_v2_hybrid,,0.0021820408292114735,0.0339264590293169,0.018413061276078224,212
stonehenge,0,225,2000,116446,790,7051,0,7527,False,partial_pre_cbf,0.08,0.25,0.5,risk_v2_hybrid,,0.0022201407700777054,0.03324237838387489,0.017559219151735306,206
stonehenge,0,226,2000,116446,788,7350,0,7818,False,partial_pre_cbf,0.08,0.25,0.5,risk_v2_hybrid,,0.00220317579805851,0.034027546644210815,0.016401804983615875,211
stonehenge,0,227,2000,116446,798,7649,0,8117,False,partial_pre_cbf,0.08,0.25,0.5,risk_v2_hybrid,,0.002174066612496972,0.0337014514952898,0.01518858689814806,207
stonehenge,0,228,2000,116446,804,8087,0,8547,False,partial_pre_cbf,0.08,0.25,0.5,risk_v2_hybrid,,0.0021544077899307013,0.03527267090976238,0.013838967308402061,209
stonehenge,0,229,2000,116446,805,8710,0,9170,False,partial_pre_cbf,0.08,0.25,0.5,risk_v2_hybrid,,0.0021440281998366117,0.03475775010883808,0.012964335270226002,213
stonehenge,0,230,2000,116446,808,9832,0,10291,False,partial_pre_cbf,0.08,0.25,0.5,risk_v2_hybrid,,0.002142762066796422,0.03492043539881706,0.0121269216760993,216
stonehenge,0,231,2000,116446,801,11033,0,11485,False,partial_pre_cbf,0.08,0.25,0.5,risk_v2_hybrid,,0.002150601940229535,0.03566148318350315,0.010903187096118927,218
stonehenge,0,232,2000,116446,807,11928,0,12390,False,partial_pre_cbf,0.08,0.25,0.5,risk_v2_hybrid,,0.002167463768273592,0.036574410274624825,0.009301813319325447,212
stonehenge,0,233,2000,116446,802,12376,0,12835,False,partial_pre_cbf,0.08,0.25,0.5,risk_v2_hybrid,,0.0021927710622549057,0.03635406121611595,0.008597580716013908,206
stonehenge,0,234,2000,116446,796,12619,0,13085,False,partial_pre_cbf,0.08,0.25,0.5,risk_v2_hybrid,,0.0022172245662659407,0.036730941385030746,0.008231276646256447,202
stonehenge,0,235,2000,116446,793,12822,0,13293,False,partial_pre_cbf,0.08,0.25,0.5,risk_v2_hybrid,,0.0022510718554258347,0.03699798695743084,0.007609132677316666,195
stonehenge,0,236,2000,116446,803,13151,0,13630,False,partial_pre_cbf,0.08,0.25,0.5,risk_v2_hybrid,,0.002294505713507533,0.037031013518571854,0.006741824094206095,196
stonehenge,0,237,2000,116446,810,13896,0,14378,False,partial_pre_cbf,0.08,0.25,0.5,risk_v2_hybrid,,0.0023476851638406515,0.037673238664865494,0.005568771623075008,201
stonehenge,0,238,2000,116446,818,14725,0,15222,False,partial_pre_cbf,0.08,0.25,0.5,risk_v2_hybrid,,0.0022663220297545195,0.03662752918899059,0.003959990572184324,185
stonehenge,0,239,2000,116446,826,15553,0,16063,False,partial_pre_cbf,0.08,0.25,0.5,risk_v2_hybrid,,0.002185444114729762,0.0373701099306345,0.0017769448459148407,185
stonehenge,0,240,2000,116446,835,17080,0,17607,False,partial_pre_cbf,0.08,0.25,0.5,risk_v2_hybrid,,0.0021132584661245346,0.03775903023779392,0.005383754149079323,165
stonehenge,0,241,2000,116446,848,19239,0,19819,False,partial_pre_cbf,0.08,0.25,0.5,risk_v2_hybrid,,0.002050690120086074,0.03857988119125366,0.009024820290505886,187
stonehenge,0,242,2000,116446,856,20875,0,21473,False,partial_pre_cbf,0.08,0.25,0.5,risk_v2_hybrid,,0.0019985877443104982,0.039624372497200966,0.011719119735062122,180
stonehenge,0,243,2000,116446,870,21929,0,22561,False,partial_pre_cbf,0.08,0.25,0.5,risk_v2_hybrid,,0.0019574840553104877,0.04084096848964691,0.01370431762188673,192
stonehenge,0,244,2000,116446,883,22645,0,23310,False,partial_pre_cbf,0.08,0.25,0.5,risk_v2_hybrid,,0.0019276951206848025,0.04051903635263443,0.015148045495152473,190
stonehenge,0,245,2000,116446,892,23071,0,23753,False,partial_pre_cbf,0.08,0.25,0.5,risk_v2_hybrid,,0.0019093836890533566,0.046961063519120216,0.016197022050619125,199
stonehenge,0,246,2000,116446,904,23266,0,23956,False,partial_pre_cbf,0.08,0.25,0.5,risk_v2_hybrid,,0.0019025359069928527,0.04106788523495197,0.01811916008591652,189
stonehenge,0,247,2000,116446,912,23448,0,24166,False,partial_pre_cbf,0.08,0.25,0.5,risk_v2_hybrid,,0.0019070530543103814,0.0417428407818079,0.019721707329154015,187
stonehenge,0,248,2000,116446,923,23560,0,24304,False,partial_pre_cbf,0.08,0.25,0.5,risk_v2_hybrid,,0.0019229025347158313,0.041757915169000626,0.02097427472472191,195
stonehenge,0,249,2000,116446,937,23581,0,24337,False,partial_pre_cbf,0.08,0.25,0.5,risk_v2_hybrid,,0.0019496016902849078,0.04373815841972828,0.021954037249088287,200
stonehenge,0,250,2000,116446,948,23514,0,24265,False,partial_pre_cbf,0.08,0.25,0.5,risk_v2_hybrid,,0.001981503563001752,0.042667167261242867,0.022716855630278587,209
stonehenge,0,251,2000,116446,958,23381,0,24125,False,partial_pre_cbf,0.08,0.25,0.5,risk_v2_hybrid,,0.0020203653257340193,0.04233360290527344,0.02330297790467739,200
stonehenge,0,252,2000,116446,960,23187,0,23915,False,partial_pre_cbf,0.08,0.25,0.5,risk_v2_hybrid,,0.002066231332719326,0.042104098945856094,0.023741137236356735,204
stonehenge,0,253,2000,116446,963,22945,0,23665,False,partial_pre_cbf,0.08,0.25,0.5,risk_v2_hybrid,,0.0021135625429451466,0.04255816340446472,0.024050921201705933,204
stonehenge,0,254,2000,116446,967,22680,0,23382,False,partial_pre_cbf,0.08,0.25,0.5,risk_v2_hybrid,,0.0021603694185614586,0.04264529049396515,0.024245329201221466,200
stonehenge,0,255,2000,116446,978,22423,0,23100,False,partial_pre_cbf,0.08,0.25,0.5,risk_v2_hybrid,,0.0022064277436584234,0.041369179263710976,0.024331923574209213,198
stonehenge,0,256,2000,116446,979,22113,0,22767,False,partial_pre_cbf,0.08,0.25,0.5,risk_v2_hybrid,,0.0022626349236816168,0.04046488553285599,0.0243145152926445,200
stonehenge,0,257,2000,116446,995,21780,0,22427,False,partial_pre_cbf,0.08,0.25,0.5,risk_v2_hybrid,,0.0023287730291485786,0.04010139778256416,0.024193022400140762,202
stonehenge,0,258,2000,116446,1012,21376,0,22011,False,partial_pre_cbf,0.08,0.25,0.5,risk_v2_hybrid,,0.002402952406555414,0.0404315572232008,0.0239646527916193,200
stonehenge,0,259,2000,116446,1027,20809,0,21434,False,partial_pre_cbf,0.08,0.25,0.5,risk_v2_hybrid,,0.002483583055436611,0.03919145464897156,0.023623857647180557,192
stonehenge,0,260,2000,116446,1038,19993,0,20592,False,partial_pre_cbf,0.08,0.25,0.5,risk_v2_hybrid,,0.0025736724492162466,0.03890850022435188,0.023162944242358208,184
stonehenge,0,261,2000,116446,1039,18987,0,19561,False,partial_pre_cbf,0.08,0.25,0.5,risk_v2_hybrid,,0.002673083683475852,0.03739384189248085,0.022571129724383354,161
stonehenge,0,262,2000,116446,1027,18257,0,18796,False,partial_pre_cbf,0.08,0.25,0.5,risk_v2_hybrid,,0.0027816996444016695,0.037501826882362366,0.021835550665855408,151
stonehenge,0,263,2000,116446,1019,17636,0,18144,False,partial_pre_cbf,0.08,0.25,0.5,risk_v2_hybrid,,0.0027900338172912598,0.037411218509078026,0.020940275862812996,142
stonehenge,0,264,2000,116446,1032,17196,0,17690,False,partial_pre_cbf,0.08,0.25,0.5,risk_v2_hybrid,,0.0027478300034999847,0.037833865731954575,0.019866300746798515,150
stonehenge,0,265,2000,116446,1045,16759,0,17240,False,partial_pre_cbf,0.08,0.25,0.5,risk_v2_hybrid,,0.00270777172408998,0.03669407777488232,0.018590448424220085,151
stonehenge,0,266,2000,116446,1063,16373,0,16846,False,partial_pre_cbf,0.08,0.25,0.5,risk_v2_hybrid,,0.0026640924625098705,0.037091879174113274,0.017084812745451927,158
stonehenge,0,267,2000,116446,1080,16010,0,16464,False,partial_pre_cbf,0.08,0.25,0.5,risk_v2_hybrid,,0.0026187540497630835,0.03727891854941845,0.015315134078264236,162
stonehenge,0,268,2000,116446,1078,15759,0,16190,False,partial_pre_cbf,0.08,0.25,0.5,risk_v2_hybrid,,0.0025801891461014748,0.03750998340547085,0.013305312022566795,169
stonehenge,0,269,2000,116446,1090,15550,0,15967,False,partial_pre_cbf,0.08,0.25,0.5,risk_v2_hybrid,,0.002546470146626234,0.038281600922346115,0.013621349819004536,175
stonehenge,0,270,2000,116446,1094,15505,0,15919,False,partial_pre_cbf,0.08,0.25,0.5,risk_v2_hybrid,,0.002513534389436245,0.037748098373413086,0.014462833292782307,163
stonehenge,0,271,2000,116446,1103,15478,0,15889,False,partial_pre_cbf,0.08,0.25,0.5,risk_v2_hybrid,,0.0024692676961421967,0.03740130551159382,0.015248127281665802,154
stonehenge,0,272,2000,116446,1111,15537,0,15954,False,partial_pre_cbf,0.08,0.25,0.5,risk_v2_hybrid,,0.002430708846077323,0.0372037049382925,0.01570877619087696,127
stonehenge,0,273,2000,116446,1116,15537,0,15965,False,partial_pre_cbf,0.08,0.25,0.5,risk_v2_hybrid,,0.0023881567176431417,0.03684987872838974,0.016176650300621986,140
stonehenge,0,274,2000,116446,1125,15641,0,16068,False,partial_pre_cbf,0.08,0.25,0.5,risk_v2_hybrid,,0.0023464595433324575,0.036788199096918106,0.01670866459608078,145
stonehenge,0,275,2000,116446,1134,15699,0,16135,False,partial_pre_cbf,0.08,0.25,0.5,risk_v2_hybrid,,0.0023060054518282413,0.036945000290870667,0.016719330102205276,144
stonehenge,0,276,2000,116446,1139,15720,0,16172,False,partial_pre_cbf,0.08,0.25,0.5,risk_v2_hybrid,,0.0022718794643878937,0.03725250065326691,0.016270188614726067,138
stonehenge,0,277,2000,116446,1133,15700,0,16155,False,partial_pre_cbf,0.08,0.25,0.5,risk_v2_hybrid,,0.0022400845773518085,0.0365621242672205,0.015403950586915016,123
stonehenge,0,278,2000,116446,1123,15643,0,16100,False,partial_pre_cbf,0.08,0.25,0.5,risk_v2_hybrid,,0.002200889401137829,0.036627113819122314,0.014145209453999996,118
stonehenge,0,279,2000,116446,1123,15553,0,16014,False,partial_pre_cbf,0.08,0.25,0.5,risk_v2_hybrid,,0.002166716381907463,0.03672529011964798,0.012504111975431442,112
stonehenge,0,280,2000,116446,1108,15448,0,15891,False,partial_pre_cbf,0.08,0.25,0.5,risk_v2_hybrid,,0.0021232981234788895,0.03875176981091499,0.010641817934811115,110
stonehenge,0,281,2000,116446,1102,15435,0,15896,False,partial_pre_cbf,0.08,0.25,0.5,risk_v2_hybrid,,0.0020834673196077347,0.03673397935926914,0.012866995297372341,115
stonehenge,0,282,2000,116446,1118,15549,0,16043,False,partial_pre_cbf,0.08,0.25,0.5,risk_v2_hybrid,,0.0020521702244877815,0.036724748089909554,0.014470743015408516,123
stonehenge,0,283,2000,116446,1129,15577,0,16122,False,partial_pre_cbf,0.08,0.25,0.5,risk_v2_hybrid,,0.002029943512752652,0.037642182782292366,0.015424268320202827,137
stonehenge,0,284,2000,116446,1140,15708,0,16296,False,partial_pre_cbf,0.08,0.25,0.5,risk_v2_hybrid,,0.002006462775170803,0.036646537482738495,0.018069662153720856,131
stonehenge,0,285,2000,116446,1144,16427,0,17090,False,partial_pre_cbf,0.08,0.25,0.5,risk_v2_hybrid,,0.0019863806664943695,0.03862810507416725,0.022063342854380608,123
stonehenge,0,286,2000,116446,1151,18162,0,18927,False,partial_pre_cbf,0.08,0.25,0.5,risk_v2_hybrid,,0.001972416415810585,0.037347402423620224,0.025813352316617966,150
stonehenge,0,287,2000,116446,1156,20252,0,21104,False,partial_pre_cbf,0.08,0.25,0.5,risk_v2_hybrid,,0.0019609068986028433,0.039129747077822685,0.02893051505088806,165
stonehenge,0,288,2000,116446,1167,20959,0,21901,False,partial_pre_cbf,0.08,0.25,0.5,risk_v2_hybrid,,0.0019435799913480878,0.040509093552827835,0.03157486766576767,188
stonehenge,0,289,2000,116446,1178,20949,0,21962,False,partial_pre_cbf,0.08,0.25,0.5,risk_v2_hybrid,,0.001931502134539187,0.03894457034766674,0.03386915847659111,210
stonehenge,0,290,2000,116446,1194,20750,0,21836,False,partial_pre_cbf,0.08,0.25,0.5,risk_v2_hybrid,,0.0019215104402974248,0.03944418951869011,0.03590640053153038,219
stonehenge,0,291,2000,116446,1198,20459,0,21605,False,partial_pre_cbf,0.08,0.25,0.5,risk_v2_hybrid,,0.0019118177006021142,0.03915853798389435,0.03775680810213089,233
stonehenge,0,292,2000,116446,1209,20148,0,21336,False,partial_pre_cbf,0.08,0.25,0.5,risk_v2_hybrid,,0.0018986397190019488,0.038818880915641785,0.039473507553339005,240
stonehenge,0,293,2000,116446,1211,19733,0,20947,False,partial_pre_cbf,0.08,0.25,0.5,risk_v2_hybrid,,0.0018798388773575425,0.038619888946413994,0.04109562933444977,238
stonehenge,0,294,2000,116446,1219,19330,0,20564,False,partial_pre_cbf,0.08,0.25,0.5,risk_v2_hybrid,,0.0018684040987864137,0.03871673904359341,0.042650025337934494,250
stonehenge,0,295,2000,116446,1215,18937,0,20182,False,partial_pre_cbf,0.08,0.25,0.5,risk_v2_hybrid,,0.0018640408525243402,0.038768213242292404,0.04415213689208031,254
stonehenge,0,296,2000,116446,1224,18568,0,19825,False,partial_pre_cbf,0.08,0.25,0.5,risk_v2_hybrid,,0.0018664480885490775,0.03839723952114582,0.04560673236846924,260
stonehenge,0,297,2000,116446,1235,18242,0,19504,False,partial_pre_cbf,0.08,0.25,0.5,risk_v2_hybrid,,0.0018734094919636846,0.038819991052150726,0.047011010348796844,265
stonehenge,0,298,2000,116446,1258,17919,0,19187,False,partial_pre_cbf,0.08,0.25,0.5,risk_v2_hybrid,,0.001883998396806419,0.038337111473083496,0.04835967719554901,258
stonehenge,0,299,2000,116446,1283,17627,0,18899,False,partial_pre_cbf,0.08,0.25,0.5,risk_v2_hybrid,,0.0019001412438228726,0.03906186670064926,0.0496409572660923,271
stonehenge,0,300,2000,116446,1319,17323,0,18588,False,partial_pre_cbf,0.08,0.25,0.5,risk_v2_hybrid,,0.0019214177737012506,0.04047742672264576,0.05081475153565407,274
stonehenge,0,301,2000,116446,1346,16998,0,18259,False,partial_pre_cbf,0.08,0.25,0.5,risk_v2_hybrid,,0.0019474053988233209,0.040476227179169655,0.05194959416985512,285
stonehenge,0,302,2000,116446,1397,16707,0,17959,False,partial_pre_cbf,0.08,0.25,0.5,risk_v2_hybrid,,0.0019776972476392984,0.039637863636016846,0.053064100444316864,294
stonehenge,0,303,2000,116446,1441,16398,0,17650,False,partial_pre_cbf,0.08,0.25,0.5,risk_v2_hybrid,,0.0020103028509765863,0.03959953784942627,0.054176706820726395,315
stonehenge,0,304,2000,116446,1497,16117,0,17365,False,partial_pre_cbf,0.08,0.25,0.5,risk_v2_hybrid,,0.00204093218781054,0.03952893428504467,0.05530007928609848,348
stonehenge,0,305,2000,116446,1550,15890,0,17126,False,partial_pre_cbf,0.08,0.25,0.5,risk_v2_hybrid,,0.0020724113564938307,0.039601629599928856,0.05643707886338234,352
stonehenge,0,306,2000,116446,1609,15730,0,16957,False,partial_pre_cbf,0.08,0.25,0.5,risk_v2_hybrid,,0.0021027065813541412,0.03990776836872101,0.05758203938603401,359
stonehenge,0,307,2000,116446,1649,15582,0,16797,False,partial_pre_cbf,0.08,0.25,0.5,risk_v2_hybrid,,0.0021360735408961773,0.03938625194132328,0.05872439220547676,361
stonehenge,0,308,2000,116446,1703,15467,0,16680,False,partial_pre_cbf,0.08,0.25,0.5,risk_v2_hybrid,,0.0021711955778300762,0.03962351195514202,0.059852927923202515,370
stonehenge,0,309,2000,116446,1745,15345,0,16540,False,partial_pre_cbf,0.08,0.25,0.5,risk_v2_hybrid,,0.002197412308305502,0.03950723446905613,0.06095880642533302,396
stonehenge,0,310,2000,116446,1800,15244,0,16423,False,partial_pre_cbf,0.08,0.25,0.5,risk_v2_hybrid,,0.002223752671852708,0.039921434596180916,0.062036070972681046,391
stonehenge,0,311,2000,116446,1861,15146,0,16314,False,partial_pre_cbf,0.08,0.25,0.5,risk_v2_hybrid,,0.002251044847071171,0.04035976156592369,0.06308223307132721,398
stonehenge,0,312,2000,116446,1942,15052,0,16204,False,partial_pre_cbf,0.08,0.25,0.5,risk_v2_hybrid,,0.002280128188431263,0.03901804983615875,0.06409627944231033,383
stonehenge,0,313,2000,116446,2133,14946,0,16087,False,partial_pre_cbf,0.08,0.25,0.5,risk_v2_hybrid,,0.0023011243902146816,0.039575058966875076,0.065078966319561,381
stonehenge,0,314,2000,116446,2384,14842,0,15965,False,partial_pre_cbf,0.08,0.25,0.5,risk_v2_hybrid,,0.0023100089747458696,0.038605913519859314,0.06603171676397324,357
stonehenge,0,315,2000,116446,2552,14749,0,15862,False,partial_pre_cbf,0.08,0.25,0.5,risk_v2_hybrid,,0.002277925843372941,0.038822874426841736,0.06695618480443954,365
stonehenge,0,316,2000,116446,2678,14644,0,15748,False,partial_pre_cbf,0.08,0.25,0.5,risk_v2_hybrid,,0.0021722628735005856,0.03912718966603279,0.06785400956869125,378
stonehenge,0,317,2000,116446,2822,14535,0,15625,False,partial_pre_cbf,0.08,0.25,0.5,risk_v2_hybrid,,0.002071634866297245,0.038929279893636703,0.06872711330652237,388
stonehenge,0,318,2000,116446,2948,14399,0,15479,False,partial_pre_cbf,0.08,0.25,0.5,risk_v2_hybrid,,0.0019757901318371296,0.03891432471573353,0.06957685947418213,385
stonehenge,0,319,2000,116446,3062,14293,0,15360,False,partial_pre_cbf,0.08,0.25,0.5,risk_v2_hybrid,,0.0018844901351258159,0.039359746500849724,0.07040466368198395,384
stonehenge,0,320,2000,116446,3197,14188,0,15260,False,partial_pre_cbf,0.08,0.25,0.5,risk_v2_hybrid,,0.0017975118244066834,0.03949570097029209,0.07121163606643677,385
stonehenge,0,321,2000,116446,3318,14077,0,15140,False,partial_pre_cbf,0.08,0.25,0.5,risk_v2_hybrid,,0.001714636106044054,0.03820091113448143,0.07199881225824356,379
stonehenge,0,322,2000,116446,3392,13934,0,14998,False,partial_pre_cbf,0.08,0.25,0.5,risk_v2_hybrid,,0.0016356586711481214,0.03814786858856678,0.0727669969201088,381
stonehenge,0,323,2000,116446,3491,13791,0,14852,False,partial_pre_cbf,0.08,0.25,0.5,risk_v2_hybrid,,0.0015603849897161126,0.03791925124824047,0.07351689040660858,378
stonehenge,0,324,2000,116446,3597,13657,0,14723,False,partial_pre_cbf,0.08,0.25,0.5,risk_v2_hybrid,,0.0014886256540194154,0.03818509541451931,0.07424899190664291,387
stonehenge,0,325,2000,116446,3688,13539,0,14595,False,partial_pre_cbf,0.08,0.25,0.5,risk_v2_hybrid,,0.001420206157490611,0.03769774176180363,0.07496394962072372,399
stonehenge,1,1,2000,116446,1093,8639,0,9024,False,partial_pre_cbf,0.08,0.25,0.5,risk_v2_hybrid,,0.003938890993595123,0.039546674117445946,7.300048565639372e-08,650
stonehenge,1,2,2000,116446,1093,8639,0,9024,False,partial_pre_cbf,0.08,0.25,0.5,risk_v2_hybrid,,0.003911355510354042,0.03884578123688698,2.044841664883279e-07,647
stonehenge,1,3,2000,116446,1112,8627,0,9036,False,partial_pre_cbf,0.08,0.25,0.5,risk_v2_hybrid,,0.0038598435930907726,0.03747127018868923,0.023860836401581764,579
stonehenge,1,4,2000,116446,1148,8594,0,9036,False,partial_pre_cbf,0.08,0.25,0.5,risk_v2_hybrid,,0.003790596965700388,0.03683164529502392,0.04190416634082794,504
stonehenge,1,5,2000,116446,1190,8515,0,9036,False,partial_pre_cbf,0.08,0.25,0.5,risk_v2_hybrid,,0.003709536511451006,0.03726312518119812,0.0552208311855793,471
stonehenge,1,6,2000,116446,1229,8444,0,9042,False,partial_pre_cbf,0.08,0.25,0.5,risk_v2_hybrid,,0.0036210648249834776,0.03625226579606533,0.06502432376146317,451
stonehenge,1,7,2000,116446,1291,8354,0,9031,False,partial_pre_cbf,0.08,0.25,0.5,risk_v2_hybrid,,0.0035226279869675636,0.03599772974848747,0.0723327174782753,453
stonehenge,1,8,2000,116446,1346,8236,0,9008,False,partial_pre_cbf,0.08,0.25,0.5,risk_v2_hybrid,,0.003419427201151848,0.03634621016681194,0.07783997803926468,443
stonehenge,1,9,2000,116446,1406,8120,0,8981,False,partial_pre_cbf,0.08,0.25,0.5,risk_v2_hybrid,,0.0033138873986899853,0.0366923063993454,0.0820324495434761,434
stonehenge,1,10,2000,116446,1473,7983,0,8934,False,partial_pre_cbf,0.08,0.25,0.5,risk_v2_hybrid,,0.003207245608791709,0.036646150052547455,0.08525820821523666,422
stonehenge,1,11,2000,116446,1522,7846,0,8869,False,partial_pre_cbf,0.08,0.25,0.5,risk_v2_hybrid,,0.003104038769379258,0.0364354457706213,0.08776907622814178,407
stonehenge,1,12,2000,116446,1580,7717,0,8823,False,partial_pre_cbf,0.08,0.25,0.5,risk_v2_hybrid,,0.003005394944921136,0.035553453490138054,0.08974841237068176,374
stonehenge,1,13,2000,116446,1645,7587,0,8766,False,partial_pre_cbf,0.08,0.25,0.5,risk_v2_hybrid,,0.0029122044797986746,0.03597928397357464,0.09132962673902512,363
stonehenge,1,14,2000,116446,1710,7480,0,8727,False,partial_pre_cbf,0.08,0.25,0.5,risk_v2_hybrid,,0.0028222741093486547,0.035888997837901115,0.09260883927345276,336
stonehenge,1,15,2000,116446,1764,7398,0,8710,False,partial_pre_cbf,0.08,0.25,0.5,risk_v2_hybrid,,0.0027369374874979258,0.03494970686733723,0.09365397691726685,325
stonehenge,1,16,2000,116446,1822,7327,0,8692,False,partial_pre_cbf,0.08,0.25,0.5,risk_v2_hybrid,,0.002652270020917058,0.03529378958046436,0.09452009946107864,318
stonehenge,1,17,2000,116446,1873,7273,0,8684,False,partial_pre_cbf,0.08,0.25,0.5,risk_v2_hybrid,,0.002572770928964019,0.035071877762675285,0.09542851895093918,304
stonehenge,1,18,2000,116446,1927,7221,0,8684,False,partial_pre_cbf,0.08,0.25,0.5,risk_v2_hybrid,,0.002498451853170991,0.034678494557738304,0.09628883749246597,296
stonehenge,1,19,2000,116446,1981,7213,0,8710,False,partial_pre_cbf,0.08,0.25,0.5,risk_v2_hybrid,,0.002431431319564581,0.03484191559255123,0.09703242033720016,289
stonehenge,1,20,2000,116446,2035,7206,0,8732,False,partial_pre_cbf,0.08,0.25,0.5,risk_v2_hybrid,,0.0023703959304839373,0.034648990258574486,0.09766559302806854,282
stonehenge,1,21,2000,116446,2077,7217,0,8772,False,partial_pre_cbf,0.08,0.25,0.5,risk_v2_hybrid,,0.0022681390400975943,0.034875890240073204,0.098237045109272,276
stonehenge,1,22,2000,116446,2111,7218,0,8793,False,partial_pre_cbf,0.08,0.25,0.5,risk_v2_hybrid,,0.002161518670618534,0.03425296023488045,0.09922658652067184,289
stonehenge,1,23,2000,116446,2175,7206,0,8818,False,partial_pre_cbf,0.08,0.25,0.5,risk_v2_hybrid,,0.002059986349195242,0.034700341522693634,0.10043921321630478,286
stonehenge,1,24,2000,116446,2216,7212,0,8841,False,partial_pre_cbf,0.08,0.25,0.5,risk_v2_hybrid,,0.0019634936470538378,0.034512221813201904,0.1015138179063797,302
stonehenge,1,25,2000,116446,2262,7216,0,8862,False,partial_pre_cbf,0.08,0.25,0.5,risk_v2_hybrid,,0.0018704092362895608,0.034580547362565994,0.10246004909276962,312
stonehenge,1,26,2000,116446,2311,7211,0,8884,False,partial_pre_cbf,0.08,0.25,0.5,risk_v2_hybrid,,0.001782178063876927,0.03447067737579346,0.10328935831785202,323
stonehenge,1,27,2000,116446,2348,7202,0,8894,False,partial_pre_cbf,0.08,0.25,0.5,risk_v2_hybrid,,0.0016988326096907258,0.03455551527440548,0.10400915890932083,327
stonehenge,1,28,2000,116446,2396,7211,0,8924,False,partial_pre_cbf,0.08,0.25,0.5,risk_v2_hybrid,,0.001620229217223823,0.03488863445818424,0.10462288558483124,339
stonehenge,1,29,2000,116446,2445,7203,0,8933,False,partial_pre_cbf,0.08,0.25,0.5,risk_v2_hybrid,,0.0015462200390174985,0.03476489707827568,0.10513166338205338,335
stonehenge,1,30,2000,116446,2480,7201,0,8948,False,partial_pre_cbf,0.08,0.25,0.5,risk_v2_hybrid,,0.001476659090258181,0.03507198393344879,0.10553407669067383,328
stonehenge,1,31,2000,116446,2524,7213,0,8979,False,partial_pre_cbf,0.08,0.25,0.5,risk_v2_hybrid,,0.0014114071382209659,0.03511275164783001,0.10582717508077621,333
stonehenge,1,32,2000,116446,2574,7219,0,8999,False,partial_pre_cbf,0.08,0.25,0.5,risk_v2_hybrid,,0.0013503318186849356,0.035068148747086525,0.1060054674744606,326
stonehenge,1,33,2000,116446,2624,7222,0,9013,False,partial_pre_cbf,0.08,0.25,0.5,risk_v2_hybrid,,0.0012933138059452176,0.03584307059645653,0.10606218129396439,314
stonehenge,1,34,2000,116446,2692,7227,0,9033,False,partial_pre_cbf,0.08,0.25,0.5,risk_v2_hybrid,,0.0012402465799823403,0.03500322252511978,0.10598790645599365,290
stonehenge,1,35,2000,116446,2736,7244,0,9057,False,partial_pre_cbf,0.08,0.25,0.5,risk_v2_hybrid,,0.0011910403845831752,0.03447190672159195,0.1057710275053978,275
stonehenge,1,36,2000,116446,2795,7256,0,9089,False,partial_pre_cbf,0.08,0.25,0.5,risk_v2_hybrid,,0.001145619316957891,0.03430846519768238,0.10539758205413818,262
stonehenge,1,37,2000,116446,2840,7280,0,9124,False,partial_pre_cbf,0.08,0.25,0.5,risk_v2_hybrid,,0.0011039269156754017,0.03447657451033592,0.1048501655459404,246
stonehenge,1,38,2000,116446,2868,7281,0,9136,False,partial_pre_cbf,0.08,0.25,0.5,risk_v2_hybrid,,0.0010659246472641826,0.034385666251182556,0.10410846769809723,239
stonehenge,1,39,2000,116446,2891,7283,0,9145,False,partial_pre_cbf,0.08,0.25,0.5,risk_v2_hybrid,,0.0010315929539501667,0.034333398565649986,0.10314863920211792,241
stonehenge,1,40,2000,116446,2926,7287,0,9161,False,partial_pre_cbf,0.08,0.25,0.5,risk_v2_hybrid,,0.001000931835733354,0.03443065099418163,0.10194285959005356,231
stonehenge,1,41,2000,116446,2941,7298,0,9173,False,partial_pre_cbf,0.08,0.25,0.5,risk_v2_hybrid,,0.0009739610832184553,0.034584496170282364,0.10045938938856125,204
stonehenge,1,42,2000,116446,2967,7304,0,9195,False,partial_pre_cbf,0.08,0.25,0.5,risk_v2_hybrid,,0.0009507212089374661,0.03380258195102215,0.09865845739841461,189
stonehenge,1,43,2000,116446,2985,7303,0,9208,False,partial_pre_cbf,0.08,0.25,0.5,risk_v2_hybrid,,0.0009312698384746909,0.033906662836670876,0.09650307893753052,176
stonehenge,1,44,2000,116446,2995,7314,0,9226,False,partial_pre_cbf,0.08,0.25,0.5,risk_v2_hybrid,,0.0009145447984337807,0.03366583772003651,0.09394698590040207,177
stonehenge,1,45,2000,116446,3021,7323,0,9263,False,partial_pre_cbf,0.08,0.25,0.5,risk_v2_hybrid,,0.0008987811161205173,0.03376619145274162,0.09093746542930603,176
stonehenge,1,46,2000,116446,3017,7332,0,9274,False,partial_pre_cbf,0.08,0.25,0.5,risk_v2_hybrid,,0.0008869161829352379,0.03371158801019192,0.08741641789674759,174
stonehenge,1,47,2000,116446,3031,7351,0,9308,False,partial_pre_cbf,0.08,0.25,0.5,risk_v2_hybrid,,0.0008788031991571188,0.03365454636514187,0.08331812918186188,168
stonehenge,1,48,2000,116446,3036,7344,0,9319,False,partial_pre_cbf,0.08,0.25,0.5,risk_v2_hybrid,,0.0008735904702916741,0.034039417281746864,0.07856973260641098,165
stonehenge,1,49,2000,116446,3043,7299,0,9293,False,partial_pre_cbf,0.08,0.25,0.5,risk_v2_hybrid,,0.0008652264950796962,0.03376655653119087,0.07308962941169739,154
stonehenge,1,50,2000,116446,3015,7163,0,9152,False,partial_pre_cbf,0.08,0.25,0.5,risk_v2_hybrid,,0.0008597541600465775,0.03340800665318966,0.06728122383356094,144
stonehenge,1,51,2000,116446,2968,7107,0,9074,False,partial_pre_cbf,0.08,0.25,0.5,risk_v2_hybrid,,0.0008581429719924927,0.03381369449198246,0.06162092089653015,144
stonehenge,1,52,2000,116446,2922,7070,0,9012,False,partial_pre_cbf,0.08,0.25,0.5,risk_v2_hybrid,,0.0008487965678796172,0.033781563863158226,0.0552762895822525,141
stonehenge,1,53,2000,116446,2905,7047,0,8983,False,partial_pre_cbf,0.08,0.25,0.5,risk_v2_hybrid,,0.0008344542002305388,0.0347905270755291,0.048988357186317444,138
stonehenge,1,54,2000,116446,2890,7045,0,8993,False,partial_pre_cbf,0.08,0.25,0.5,risk_v2_hybrid,,0.0008234420092776418,0.033312832936644554,0.04408206418156624,133
stonehenge,1,55,2000,116446,2873,7090,0,9060,False,partial_pre_cbf,0.08,0.25,0.5,risk_v2_hybrid,,0.0008154942188411951,0.03314793296158314,0.0415639765560627,134
stonehenge,1,56,2000,116446,2858,7113,0,9118,False,partial_pre_cbf,0.08,0.25,0.5,risk_v2_hybrid,,0.0008102577412500978,0.033343395218253136,0.040584225207567215,139
stonehenge,1,57,2000,116446,2845,7212,0,9255,False,partial_pre_cbf,0.08,0.25,0.5,risk_v2_hybrid,,0.0008073867065832019,0.03346236050128937,0.04049462825059891,138
stonehenge,1,58,2000,116446,2837,7371,0,9450,False,partial_pre_cbf,0.08,0.25,0.5,risk_v2_hybrid,,0.0008069268660619855,0.03376576118171215,0.0392661951482296,151
stonehenge,1,59,2000,116446,2815,7547,0,9714,False,partial_pre_cbf,0.08,0.25,0.5,risk_v2_hybrid,,0.000810684054158628,0.034002095460891724,0.037335850298404694,153
stonehenge,1,60,2000,116446,2799,7842,0,10074,False,partial_pre_cbf,0.08,0.25,0.5,risk_v2_hybrid,,0.000820362358354032,0.03404680825769901,0.03540819510817528,154
stonehenge,1,61,2000,116446,2780,7974,0,10205,False,partial_pre_cbf,0.08,0.25,0.5,risk_v2_hybrid,,0.0008370692376047373,0.03438555635511875,0.03335193172097206,140
stonehenge,1,62,2000,116446,2763,8071,0,10287,False,partial_pre_cbf,0.08,0.25,0.5,risk_v2_hybrid,,0.0008614639518782496,0.033891621977090836,0.031162608414888382,142
stonehenge,1,63,2000,116446,2744,8011,0,10084,False,partial_pre_cbf,0.08,0.25,0.5,risk_v2_hybrid,,0.0008946557063609362,0.034227414056658745,0.02892468124628067,144
stonehenge,1,64,2000,116446,2738,6883,0,8829,False,partial_pre_cbf,0.08,0.25,0.5,risk_v2_hybrid,,0.0009263842366635799,0.03382936120033264,0.02669079788029194,147
stonehenge,1,65,2000,116446,2713,6294,0,8146,False,partial_pre_cbf,0.08,0.25,0.5,risk_v2_hybrid,,0.0009692258900031447,0.03299318440258503,0.02448851987719536,147
stonehenge,1,66,2000,116446,2704,6251,0,8061,False,partial_pre_cbf,0.08,0.25,0.5,risk_v2_hybrid,,0.0010247689206153154,0.03305398114025593,0.022325273603200912,155
stonehenge,1,67,2000,116446,2684,6769,0,8563,False,partial_pre_cbf,0.08,0.25,0.5,risk_v2_hybrid,,0.0010936418548226357,0.03380315378308296,0.020192217081785202,170
stonehenge,1,68,2000,116446,2662,7396,0,9183,False,partial_pre_cbf,0.08,0.25,0.5,risk_v2_hybrid,,0.001176333986222744,0.03377627395093441,0.018834790214896202,147
stonehenge,1,69,2000,116446,2636,7505,0,9297,False,partial_pre_cbf,0.08,0.25,0.5,risk_v2_hybrid,,0.001272503868676722,0.033646807074546814,0.019738057628273964,153
stonehenge,1,70,2000,116446,2604,7525,0,9338,False,partial_pre_cbf,0.08,0.25,0.5,risk_v2_hybrid,,0.0013814523117616773,0.033906539902091026,0.022424345836043358,148
stonehenge,1,71,2000,116446,2576,7434,0,9269,False,partial_pre_cbf,0.08,0.25,0.5,risk_v2_hybrid,,0.0015021387953311205,0.03356718085706234,0.026662226766347885,147
stonehenge,1,72,2000,116446,2552,7364,0,9236,False,partial_pre_cbf,0.08,0.25,0.5,risk_v2_hybrid,,0.0016335059190168977,0.03370548598468304,0.030544688925147057,141
stonehenge,1,73,2000,116446,2530,7304,0,9207,False,partial_pre_cbf,0.08,0.25,0.5,risk_v2_hybrid,,0.0017744136275723577,0.034684229642152786,0.0331411249935627,130
stonehenge,1,74,2000,116446,2497,7219,0,9145,False,partial_pre_cbf,0.08,0.25,0.5,risk_v2_hybrid,,0.0019239376997575164,0.0344320610165596,0.03509803116321564,123
stonehenge,1,75,2000,116446,2438,7169,0,9082,False,partial_pre_cbf,0.08,0.25,0.5,risk_v2_hybrid,,0.00208125077188015,0.03428804874420166,0.036752719432115555,133
stonehenge,1,76,2000,116446,2394,7123,0,9043,False,partial_pre_cbf,0.08,0.25,0.5,risk_v2_hybrid,,0.0022429521195590496,0.03389111906290054,0.038325462490320206,135
stonehenge,1,77,2000,116446,2332,7080,0,8984,False,partial_pre_cbf,0.08,0.25,0.5,risk_v2_hybrid,,0.0022284667938947678,0.033346330747008324,0.039907269179821014,127
stonehenge,1,78,2000,116446,2268,7056,0,8938,False,partial_pre_cbf,0.08,0.25,0.5,risk_v2_hybrid,,0.0022091667633503675,0.03371721692383289,0.04154790937900543,149
stonehenge,1,79,2000,116446,2208,6990,0,8855,False,partial_pre_cbf,0.08,0.25,0.5,risk_v2_hybrid,,0.0021921591833233833,0.033621927723288536,0.04362419992685318,161
stonehenge,1,80,2000,116446,2144,6895,0,8727,False,partial_pre_cbf,0.08,0.25,0.5,risk_v2_hybrid,,0.002177631948143244,0.03403464891016483,0.04624081775546074,189
stonehenge,1,81,2000,116446,2092,6748,0,8572,False,partial_pre_cbf,0.08,0.25,0.5,risk_v2_hybrid,,0.0021541863679885864,0.034561656415462494,0.04860057681798935,198
stonehenge,1,82,2000,116446,2053,6641,0,8448,False,partial_pre_cbf,0.08,0.25,0.5,risk_v2_hybrid,,0.0021304304245859385,0.03413783572614193,0.05064394697546959,203
stonehenge,1,83,2000,116446,2007,6560,0,8355,False,partial_pre_cbf,0.08,0.25,0.5,risk_v2_hybrid,,0.002104439539834857,0.03420808166265488,0.052355438470840454,206
stonehenge,1,84,2000,116446,1953,6617,0,8343,False,partial_pre_cbf,0.08,0.25,0.5,risk_v2_hybrid,,0.0020719945896416903,0.034185245633125305,0.05375710874795914,227
stonehenge,1,85,2000,116446,1911,7084,0,8753,False,partial_pre_cbf,0.08,0.25,0.5,risk_v2_hybrid,,0.0020439112558960915,0.034478435292840004,0.054899249225854874,222
stonehenge,1,86,2000,116446,1877,7845,0,9466,False,partial_pre_cbf,0.08,0.25,0.5,risk_v2_hybrid,,0.0020142183639109135,0.03461102209985256,0.055843450129032135,221
stonehenge,1,87,2000,116446,1840,8146,0,9718,False,partial_pre_cbf,0.08,0.25,0.5,risk_v2_hybrid,,0.0019828411750495434,0.034533070400357246,0.05664857476949692,243
stonehenge,1,88,2000,116446,1802,8269,0,9786,False,partial_pre_cbf,0.08,0.25,0.5,risk_v2_hybrid,,0.0019444565987214446,0.035028498619794846,0.05736443027853966,258
stonehenge,1,89,2000,116446,1754,8338,0,9795,False,partial_pre_cbf,0.08,0.25,0.5,risk_v2_hybrid,,0.0019108575070276856,0.03515607491135597,0.05802985653281212,275
stonehenge,1,90,2000,116446,1731,8417,0,9834,False,partial_pre_cbf,0.08,0.25,0.5,risk_v2_hybrid,,0.001881996518932283,0.03533715754747391,0.05867365002632141,300
stonehenge,1,91,2000,116446,1715,8479,0,9861,False,partial_pre_cbf,0.08,0.25,0.5,risk_v2_hybrid,,0.0018578245071694255,0.035169778391718864,0.05931640788912773,317
stonehenge,1,92,2000,116446,1700,8536,0,9872,False,partial_pre_cbf,0.08,0.25,0.5,risk_v2_hybrid,,0.0018382834969088435,0.03531417064368725,0.05997256934642792,310
stonehenge,1,93,2000,116446,1693,8593,0,9886,False,partial_pre_cbf,0.08,0.25,0.5,risk_v2_hybrid,,0.0018203224753960967,0.036272695288062096,0.06072608008980751,315
stonehenge,1,94,2000,116446,1702,8658,0,9916,False,partial_pre_cbf,0.08,0.25,0.5,risk_v2_hybrid,,0.001805987791158259,0.035128919407725334,0.06191695109009743,294
stonehenge,1,95,2000,116446,1694,8755,0,9956,False,partial_pre_cbf,0.08,0.25,0.5,risk_v2_hybrid,,0.001797076896764338,0.03482680208981037,0.06300514191389084,310
stonehenge,1,96,2000,116446,1694,8843,0,9999,False,partial_pre_cbf,0.08,0.25,0.5,risk_v2_hybrid,,0.0017833128804340959,0.03633665665984154,0.06391898542642593,347
stonehenge,1,97,2000,116446,1698,8922,0,10052,False,partial_pre_cbf,0.08,0.25,0.5,risk_v2_hybrid,,0.0017705891514196992,0.03554442338645458,0.0646638423204422,353
stonehenge,1,98,2000,116446,1718,8986,0,10101,False,partial_pre_cbf,0.08,0.25,0.5,risk_v2_hybrid,,0.0017614845419302583,0.03611752390861511,0.06526384502649307,381
stonehenge,1,99,2000,116446,1727,8974,0,10075,False,partial_pre_cbf,0.08,0.25,0.5,risk_v2_hybrid,,0.0017558500403538346,0.03627283684909344,0.0657719075679779,390
stonehenge,1,100,2000,116446,1730,8956,0,10046,False,partial_pre_cbf,0.08,0.25,0.5,risk_v2_hybrid,,0.0017522877315059304,0.036510298028588295,0.06640339642763138,391
stonehenge,1,101,2000,116446,1742,8935,0,10016,False,partial_pre_cbf,0.08,0.25,0.5,risk_v2_hybrid,,0.0017453626496717334,0.03602239117026329,0.06718991696834564,376
stonehenge,1,102,2000,116446,1752,8904,0,9974,False,partial_pre_cbf,0.08,0.25,0.5,risk_v2_hybrid,,0.0017373856389895082,0.0361259151250124,0.06804458796977997,376
stonehenge,1,103,2000,116446,1759,8834,0,9899,False,partial_pre_cbf,0.08,0.25,0.5,risk_v2_hybrid,,0.0017272940604016185,0.03621744550764561,0.06889759004116058,388
stonehenge,1,104,2000,116446,1764,8766,0,9826,False,partial_pre_cbf,0.08,0.25,0.5,risk_v2_hybrid,,0.0016449011163786054,0.036021335050463676,0.0697493627667427,406
stonehenge,1,105,2000,116446,1767,8648,0,9688,False,partial_pre_cbf,0.08,0.25,0.5,risk_v2_hybrid,,0.0015661554643884301,0.03598982281982899,0.07059866935014725,412
stonehenge,1,106,2000,116446,1778,8439,0,9472,False,partial_pre_cbf,0.08,0.25,0.5,risk_v2_hybrid,,0.0014908990124240518,0.036383336409926414,0.07145359367132187,412
stonehenge,1,107,2000,116446,1778,8343,0,9359,False,partial_pre_cbf,0.08,0.25,0.5,risk_v2_hybrid,,0.0014190133661031723,0.03607714921236038,0.07237064093351364,410
stonehenge,1,108,2000,116446,1783,8283,0,9289,False,partial_pre_cbf,0.08,0.25,0.5,risk_v2_hybrid,,0.0013504093512892723,0.03728101588785648,0.07333201915025711,414
stonehenge,1,109,2000,116446,1790,8267,0,9263,False,partial_pre_cbf,0.08,0.25,0.5,risk_v2_hybrid,,0.0012849837075918913,0.03987200744450092,0.07430647313594818,419
stonehenge,1,110,2000,116446,1794,8263,0,9249,False,partial_pre_cbf,0.08,0.25,0.5,risk_v2_hybrid,,0.0012226233957335353,0.03577698953449726,0.0752745047211647,417
stonehenge,1,111,2000,116446,1798,8273,0,9242,False,partial_pre_cbf,0.08,0.25,0.5,risk_v2_hybrid,,0.0011632121168076992,0.03603411465883255,0.07622399181127548,419
stonehenge,1,112,2000,116446,1815,8289,0,9250,False,partial_pre_cbf,0.08,0.25,0.5,risk_v2_hybrid,,0.001106630195863545,0.03677259013056755,0.07715059816837311,417
stonehenge,1,113,2000,116446,1813,8304,0,9246,False,partial_pre_cbf,0.08,0.25,0.5,risk_v2_hybrid,,0.0010527517879381776,0.036191560328006744,0.07809318602085114,422
stonehenge,1,114,2000,116446,1828,8339,0,9276,False,partial_pre_cbf,0.08,0.25,0.5,risk_v2_hybrid,,0.001001439755782485,0.03573946841061115,0.07908006757497787,426
stonehenge,2,1,2000,116446,780,9121,0,9203,False,partial_pre_cbf,0.08,0.25,0.5,risk_v2_hybrid,,0.00457016984000802,0.04130300134420395,3.4142850324769825e-08,828
stonehenge,2,2,2000,116446,780,9121,0,9203,False,partial_pre_cbf,0.08,0.25,0.5,risk_v2_hybrid,,0.004528206307440996,0.04115302674472332,0.005408735014498234,813
stonehenge,2,3,2000,116446,800,9114,0,9204,False,partial_pre_cbf,0.08,0.25,0.5,risk_v2_hybrid,,0.004451161716133356,0.0404022429138422,0.029997697100043297,742
stonehenge,2,4,2000,116446,835,9124,0,9231,False,partial_pre_cbf,0.08,0.25,0.5,risk_v2_hybrid,,0.004351977724581957,0.039072541519999504,0.04769493639469147,645
stonehenge,2,5,2000,116446,882,9112,0,9234,False,partial_pre_cbf,0.08,0.25,0.5,risk_v2_hybrid,,0.004240630194544792,0.03810572437942028,0.05949655547738075,598
stonehenge,2,6,2000,116446,932,9094,0,9235,False,partial_pre_cbf,0.08,0.25,0.5,risk_v2_hybrid,,0.004122627433389425,0.03749828413128853,0.06712060421705246,548
stonehenge,2,7,2000,116446,993,9076,0,9246,False,partial_pre_cbf,0.08,0.25,0.5,risk_v2_hybrid,,0.0039999657310545444,0.037325119599699974,0.07170537859201431,501
stonehenge,2,8,2000,116446,1054,9062,0,9254,False,partial_pre_cbf,0.08,0.25,0.5,risk_v2_hybrid,,0.0038758404552936554,0.03636202961206436,0.07402262836694717,445
stonehenge,2,9,2000,116446,1114,9047,0,9265,False,partial_pre_cbf,0.08,0.25,0.5,risk_v2_hybrid,,0.003757552243769169,0.03619707562029362,0.07461733371019363,393
stonehenge,2,10,2000,116446,1179,9012,0,9258,False,partial_pre_cbf,0.08,0.25,0.5,risk_v2_hybrid,,0.0036475583910942078,0.03576877899467945,0.07534369081258774,362
stonehenge,2,11,2000,116446,1240,8988,0,9269,False,partial_pre_cbf,0.08,0.25,0.5,risk_v2_hybrid,,0.0035335293505340815,0.03538397513329983,0.07675113528966904,340
stonehenge,2,12,2000,116446,1307,8964,0,9288,False,partial_pre_cbf,0.08,0.25,0.5,risk_v2_hybrid,,0.0034243236295878887,0.03500274941325188,0.07775206863880157,302
stonehenge,2,13,2000,116446,1368,8943,0,9322,False,partial_pre_cbf,0.08,0.25,0.5,risk_v2_hybrid,,0.0033238506875932217,0.03550433926284313,0.07889138162136078,291
stonehenge,2,14,2000,116446,1433,8930,0,9378,False,partial_pre_cbf,0.08,0.25,0.5,risk_v2_hybrid,,0.0032312460243701935,0.03522028587758541,0.08027651906013489,294
stonehenge,2,15,2000,116446,1512,8911,0,9441,False,partial_pre_cbf,0.08,0.25,0.5,risk_v2_hybrid,,0.0031321232672780752,0.0358114093542099,0.08137927204370499,308
stonehenge,2,16,2000,116446,1576,8890,0,9516,False,partial_pre_cbf,0.08,0.25,0.5,risk_v2_hybrid,,0.0030369821470230818,0.036110177636146545,0.08216137439012527,305
stonehenge,2,17,2000,116446,1635,8837,0,9576,False,partial_pre_cbf,0.08,0.25,0.5,risk_v2_hybrid,,0.0029492166358977556,0.03552902676165104,0.0829753577709198,296
stonehenge,2,18,2000,116446,1715,8777,0,9627,False,partial_pre_cbf,0.08,0.25,0.5,risk_v2_hybrid,,0.0028674800414592028,0.03537767380475998,0.08391626924276352,316
stonehenge,2,19,2000,116446,1779,8726,0,9679,False,partial_pre_cbf,0.08,0.25,0.5,risk_v2_hybrid,,0.0027840081602334976,0.03563890978693962,0.08481671661138535,318
stonehenge,2,20,2000,116446,1833,8661,0,9703,False,partial_pre_cbf,0.08,0.25,0.5,risk_v2_hybrid,,0.0027029437478631735,0.0364058967679739,0.08551972359418869,336
stonehenge,2,21,2000,116446,1899,8567,0,9692,False,partial_pre_cbf,0.08,0.25,0.5,risk_v2_hybrid,,0.002626825822517276,0.0359769519418478,0.08605501055717468,334
stonehenge,2,22,2000,116446,1950,8462,0,9663,False,partial_pre_cbf,0.08,0.25,0.5,risk_v2_hybrid,,0.0025561072397977114,0.036206694319844246,0.08644082397222519,303
stonehenge,2,23,2000,116446,2013,8353,0,9637,False,partial_pre_cbf,0.08,0.25,0.5,risk_v2_hybrid,,0.002491345861926675,0.03563099727034569,0.08668725192546844,277
stonehenge,2,24,2000,116446,2061,8243,0,9598,False,partial_pre_cbf,0.08,0.25,0.5,risk_v2_hybrid,,0.002426031744107604,0.035385698080062866,0.08679798990488052,267
stonehenge,2,25,2000,116446,2126,8137,0,9565,False,partial_pre_cbf,0.08,0.25,0.5,risk_v2_hybrid,,0.002354884287342429,0.03541126102209091,0.08681105077266693,271
stonehenge,2,26,2000,116446,2173,8035,0,9529,False,partial_pre_cbf,0.08,0.25,0.5,risk_v2_hybrid,,0.002288274932652712,0.03628801740705967,0.08715319633483887,291
stonehenge,2,27,2000,116446,2207,7946,0,9499,False,partial_pre_cbf,0.08,0.25,0.5,risk_v2_hybrid,,0.0022240225225687027,0.03532906621694565,0.08727269619703293,283
stonehenge,2,28,2000,116446,2263,7869,0,9473,False,partial_pre_cbf,0.08,0.25,0.5,risk_v2_hybrid,,0.002163499128073454,0.03502508066594601,0.08718099445104599,281
stonehenge,2,29,2000,116446,2305,7799,0,9454,False,partial_pre_cbf,0.08,0.25,0.5,risk_v2_hybrid,,0.002108091488480568,0.03511258214712143,0.0868821069598198,276
stonehenge,2,30,2000,116446,2357,7764,0,9466,False,partial_pre_cbf,0.08,0.25,0.5,risk_v2_hybrid,,0.002055244753137231,0.034992849454283714,0.0863710269331932,268
stonehenge,2,31,2000,116446,2391,7723,0,9459,False,partial_pre_cbf,0.08,0.25,0.5,risk_v2_hybrid,,0.0020075254142284393,0.03479918651282787,0.08563527464866638,251
stonehenge,2,32,2000,116446,2430,7703,0,9478,False,partial_pre_cbf,0.08,0.25,0.5,risk_v2_hybrid,,0.001967938616871834,0.034781334921717644,0.08465561270713806,238
stonehenge,2,33,2000,116446,2476,7682,0,9490,False,partial_pre_cbf,0.08,0.25,0.5,risk_v2_hybrid,,0.001931673032231629,0.03450354188680649,0.08340729027986526,226
stonehenge,2,34,2000,116446,2519,7670,0,9513,False,partial_pre_cbf,0.08,0.25,0.5,risk_v2_hybrid,,0.001901166862808168,0.034319616854190826,0.0818602591753006,216
stonehenge,2,35,2000,116446,2560,7668,0,9537,False,partial_pre_cbf,0.08,0.25,0.5,risk_v2_hybrid,,0.001873457687906921,0.03439568541944027,0.0799790620803833,211
stonehenge,2,36,2000,116446,2591,7667,0,9555,False,partial_pre_cbf,0.08,0.25,0.5,risk_v2_hybrid,,0.0018473785603418946,0.03429962694644928,0.07772333920001984,197
stonehenge,2,37,2000,116446,2634,7669,0,9580,False,partial_pre_cbf,0.08,0.25,0.5,risk_v2_hybrid,,0.001818892895244062,0.034372810274362564,0.07504742592573166,203
stonehenge,2,38,2000,116446,2657,7637,0,9569,False,partial_pre_cbf,0.08,0.25,0.5,risk_v2_hybrid,,0.0017869583098217845,0.03475210443139076,0.0719594806432724,224
stonehenge,2,39,2000,116446,2691,7624,0,9573,False,partial_pre_cbf,0.08,0.25,0.5,risk_v2_hybrid,,0.0017629644135013223,0.0346953310072422,0.06979619711637497,231
stonehenge,2,40,2000,116446,2722,7635,0,9609,False,partial_pre_cbf,0.08,0.25,0.5,risk_v2_hybrid,,0.0017474099295213819,0.03454930521547794,0.067472442984581,230
stonehenge,2,41,2000,116446,2747,7637,0,9636,False,partial_pre_cbf,0.08,0.25,0.5,risk_v2_hybrid,,0.0017411260632798076,0.03448125347495079,0.06531663239002228,214
stonehenge,2,42,2000,116446,2748,7654,0,9671,False,partial_pre_cbf,0.08,0.25,0.5,risk_v2_hybrid,,0.0017305949004366994,0.035275448113679886,0.06333399564027786,200
stonehenge,2,43,2000,116446,2767,7662,0,9698,False,partial_pre_cbf,0.08,0.25,0.5,risk_v2_hybrid,,0.0017296468140557408,0.03432171419262886,0.06076428294181824,187
stonehenge,2,44,2000,116446,2757,7658,0,9689,False,partial_pre_cbf,0.08,0.25,0.5,risk_v2_hybrid,,0.0017115173395723104,0.03439324349164963,0.05758260190486908,173
stonehenge,2,45,2000,116446,2722,7655,0,9661,False,partial_pre_cbf,0.08,0.25,0.5,risk_v2_hybrid,,0.0016716554528102279,0.03437165915966034,0.05521255359053612,168
stonehenge,2,46,2000,116446,2699,7658,0,9643,False,partial_pre_cbf,0.08,0.25,0.5,risk_v2_hybrid,,0.0016166652785614133,0.034347811713814735,0.052579786628484726,175
stonehenge,2,47,2000,116446,2693,7625,0,9594,False,partial_pre_cbf,0.08,0.25,0.5,risk_v2_hybrid,,0.0015659709461033344,0.03405025973916054,0.05229344218969345,173
stonehenge,2,48,2000,116446,2690,7651,0,9611,False,partial_pre_cbf,0.08,0.25,0.5,risk_v2_hybrid,,0.0015191998099908233,0.03434486500918865,0.05419718474149704,184
stonehenge,2,49,2000,116446,2700,7702,0,9676,False,partial_pre_cbf,0.08,0.25,0.5,risk_v2_hybrid,,0.0014759751502424479,0.03380348160862923,0.055843450129032135,169
stonehenge,2,50,2000,116446,2709,7773,0,9752,False,partial_pre_cbf,0.08,0.25,0.5,risk_v2_hybrid,,0.0014364278176799417,0.034279486164450645,0.05687466263771057,177
stonehenge,2,51,2000,116446,2707,7804,0,9805,False,partial_pre_cbf,0.08,0.25,0.5,risk_v2_hybrid,,0.0014013530453667045,0.03381937928497791,0.057416316121816635,185
stonehenge,2,52,2000,116446,2699,7796,0,9832,False,partial_pre_cbf,0.08,0.25,0.5,risk_v2_hybrid,,0.001371451304294169,0.03397110477089882,0.057569414377212524,188
stonehenge,2,53,2000,116446,2690,7803,0,9869,False,partial_pre_cbf,0.08,0.25,0.5,risk_v2_hybrid,,0.0013473602011799812,0.03384327329695225,0.05740172788500786,195
stonehenge,2,54,2000,116446,2695,7826,0,9918,False,partial_pre_cbf,0.08,0.25,0.5,risk_v2_hybrid,,0.0013296782271936536,0.03367755375802517,0.05695604905486107,191
stonehenge,2,55,2000,116446,2686,7795,0,9900,False,partial_pre_cbf,0.08,0.25,0.5,risk_v2_hybrid,,0.0013189150486141443,0.033967215567827225,0.05625607818365097,183
stonehenge,2,56,2000,116446,2684,7806,0,9923,False,partial_pre_cbf,0.08,0.25,0.5,risk_v2_hybrid,,0.0013136927736923099,0.033720025792717934,0.05531042814254761,183
stonehenge,2,57,2000,116446,2666,7785,0,9903,False,partial_pre_cbf,0.08,0.25,0.5,risk_v2_hybrid,,0.0013165997806936502,0.03373004496097565,0.054114971309900284,170
stonehenge,2,58,2000,116446,2658,7785,0,9906,False,partial_pre_cbf,0.08,0.25,0.5,risk_v2_hybrid,,0.0013281420106068254,0.03396501950919628,0.052655357867479324,177
stonehenge,2,59,2000,116446,2647,7680,0,9798,False,partial_pre_cbf,0.08,0.25,0.5,risk_v2_hybrid,,0.0013417087029665709,0.03368152491748333,0.05090762674808502,166
stonehenge,2,60,2000,116446,2637,7593,0,9691,False,partial_pre_cbf,0.08,0.25,0.5,risk_v2_hybrid,,0.0013590165181085467,0.03367084264755249,0.050423476845026016,172
stonehenge,2,61,2000,116446,2634,7522,0,9614,False,partial_pre_cbf,0.08,0.25,0.5,risk_v2_hybrid,,0.0013874060241505504,0.033604541793465614,0.05018722265958786,171
stonehenge,2,62,2000,116446,2615,7463,0,9537,False,partial_pre_cbf,0.08,0.25,0.5,risk_v2_hybrid,,0.0014272232074290514,0.03465045429766178,0.05081519857048988,170
stonehenge,2,63,2000,116446,2598,7490,0,9551,False,partial_pre_cbf,0.08,0.25,0.5,risk_v2_hybrid,,0.0014785603852942586,0.033870771527290344,0.05275827646255493,167
stonehenge,2,64,2000,116446,2579,7500,0,9549,False,partial_pre_cbf,0.08,0.25,0.5,risk_v2_hybrid,,0.0015414695953950286,0.03361712954938412,0.05397188663482666,177
stonehenge,2,65,2000,116446,2563,7520,0,9558,False,partial_pre_cbf,0.08,0.25,0.5,risk_v2_hybrid,,0.001616032444871962,0.03376889415085316,0.05538710579276085,166
stonehenge,2,66,2000,116446,2544,7550,0,9586,False,partial_pre_cbf,0.08,0.25,0.5,risk_v2_hybrid,,0.0017019694205373526,0.033889155834913254,0.05698784813284874,186
stonehenge,2,67,2000,116446,2515,7601,0,9618,False,partial_pre_cbf,0.08,0.25,0.5,risk_v2_hybrid,,0.0017984557198360562,0.0339121762663126,0.0592150054872036,173
stonehenge,2,68,2000,116446,2481,7675,0,9667,False,partial_pre_cbf,0.08,0.25,0.5,risk_v2_hybrid,,0.0019050237024202943,0.03374071978032589,0.06159293279051781,157
stonehenge,2,69,2000,116446,2453,7784,0,9762,False,partial_pre_cbf,0.08,0.25,0.5,risk_v2_hybrid,,0.0020213357638567686,0.03364504128694534,0.06378115713596344,165
stonehenge,2,70,2000,116446,2396,7905,0,9845,False,partial_pre_cbf,0.08,0.25,0.5,risk_v2_hybrid,,0.002146724611520767,0.0344439260661602,0.06560564041137695,160
stonehenge,2,71,2000,116446,2353,8059,0,9980,False,partial_pre_cbf,0.08,0.25,0.5,risk_v2_hybrid,,0.002280630636960268,0.034116579219698906,0.06712494045495987,154
stonehenge,2,72,2000,116446,2322,8043,0,9914,False,partial_pre_cbf,0.08,0.25,0.5,risk_v2_hybrid,,0.002292954595759511,0.03449103236198425,0.06483359634876251,175
stonehenge,2,73,2000,116446,2288,7852,0,9667,False,partial_pre_cbf,0.08,0.25,0.5,risk_v2_hybrid,,0.0022951916325837374,0.03426092863082886,0.06157512962818146,212
stonehenge,2,74,2000,116446,2254,7175,0,8920,False,partial_pre_cbf,0.08,0.25,0.5,risk_v2_hybrid,,0.0022889156825840473,0.034975072368979454,0.05868172273039818,267
stonehenge,2,75,2000,116446,2222,6809,0,8485,False,partial_pre_cbf,0.08,0.25,0.5,risk_v2_hybrid,,0.002283833222463727,0.03470858000218868,0.05627619847655296,281
stonehenge,2,76,2000,116446,2199,6736,0,8386,False,partial_pre_cbf,0.08,0.25,0.5,risk_v2_hybrid,,0.0022647662553936243,0.03478149138391018,0.05496877431869507,310
stonehenge,2,77,2000,116446,2176,6671,0,8310,False,partial_pre_cbf,0.08,0.25,0.5,risk_v2_hybrid,,0.0022471966221928596,0.034760553389787674,0.05387969687581062,323
stonehenge,2,78,2000,116446,2137,6914,0,8551,False,partial_pre_cbf,0.08,0.25,0.5,risk_v2_hybrid,,0.002232940634712577,0.034803133457899094,0.05309400334954262,316
stonehenge,2,79,2000,116446,2108,6886,0,8521,False,partial_pre_cbf,0.08,0.25,0.5,risk_v2_hybrid,,0.0022076049353927374,0.03504538536071777,0.05265586078166962,300
stonehenge,2,80,2000,116446,2062,6830,0,8450,False,partial_pre_cbf,0.08,0.25,0.5,risk_v2_hybrid,,0.0021742722019553185,0.0350336953997612,0.05257995426654816,320
stonehenge,2,81,2000,116446,2014,6796,0,8393,False,partial_pre_cbf,0.08,0.25,0.5,risk_v2_hybrid,,0.00213810452260077,0.035429539158940315,0.052856042981147766,322
stonehenge,2,82,2000,116446,1998,6763,0,8357,False,partial_pre_cbf,0.08,0.25,0.5,risk_v2_hybrid,,0.002098684199154377,0.035364847630262375,0.05345476418733597,342
stonehenge,2,83,2000,116446,1966,6734,0,8300,False,partial_pre_cbf,0.08,0.25,0.5,risk_v2_hybrid,,0.0020617591217160225,0.034531449899077415,0.05431361496448517,306
stonehenge,2,84,2000,116446,1950,6697,0,8247,False,partial_pre_cbf,0.08,0.25,0.5,risk_v2_hybrid,,0.0020203476306051016,0.03467673994600773,0.055315494537353516,303
stonehenge,2,85,2000,116446,1937,6683,0,8210,False,partial_pre_cbf,0.08,0.25,0.5,risk_v2_hybrid,,0.0019753992091864347,0.03483913652598858,0.0563269667327404,325
stonehenge,2,86,2000,116446,1928,6630,0,8133,False,partial_pre_cbf,0.08,0.25,0.5,risk_v2_hybrid,,0.001930762198753655,0.03446217067539692,0.05778667703270912,364
stonehenge,2,87,2000,116446,1925,6624,0,8084,False,partial_pre_cbf,0.08,0.25,0.5,risk_v2_hybrid,,0.0018874170491471887,0.03435450606048107,0.05989784002304077,355
stonehenge,2,88,2000,116446,1957,6587,0,8019,False,partial_pre_cbf,0.08,0.25,0.5,risk_v2_hybrid,,0.0018432886572554708,0.03456008434295654,0.06159314513206482,338
stonehenge,2,89,2000,116446,2002,6583,0,7989,False,partial_pre_cbf,0.08,0.25,0.5,risk_v2_hybrid,,0.0017933623166754842,0.03492940776050091,0.0630522072315216,330
stonehenge,2,90,2000,116446,2003,6638,0,7996,False,partial_pre_cbf,0.08,0.25,0.5,risk_v2_hybrid,,0.0017481663962826133,0.033815229311585426,0.06434230506420135,323
stonehenge,2,91,2000,116446,1994,6806,0,8131,False,partial_pre_cbf,0.08,0.25,0.5,risk_v2_hybrid,,0.0017077696975320578,0.03398164175450802,0.06548253446817398,319
stonehenge,2,92,2000,116446,1989,7157,0,8441,False,partial_pre_cbf,0.08,0.25,0.5,risk_v2_hybrid,,0.0016722017899155617,0.03467523492872715,0.06637302041053772,327
stonehenge,2,93,2000,116446,1983,7516,0,8774,False,partial_pre_cbf,0.08,0.25,0.5,risk_v2_hybrid,,0.0016414506826549768,0.03463296219706535,0.0672200545668602,323
stonehenge,2,94,2000,116446,1976,7814,0,9041,False,partial_pre_cbf,0.08,0.25,0.5,risk_v2_hybrid,,0.0016154792392626405,0.03469504229724407,0.06801914423704147,329
stonehenge,2,95,2000,116446,1960,8063,0,9247,False,partial_pre_cbf,0.08,0.25,0.5,risk_v2_hybrid,,0.0015942209865897894,0.03476035222411156,0.06876962631940842,341
stonehenge,2,96,2000,116446,1947,8265,0,9418,False,partial_pre_cbf,0.08,0.25,0.5,risk_v2_hybrid,,0.0015775790670886636,0.03486393019556999,0.06955961883068085,359
stonehenge,2,97,2000,116446,1938,8418,0,9538,False,partial_pre_cbf,0.08,0.25,0.5,risk_v2_hybrid,,0.001564819016493857,0.03544319234788418,0.07055582851171494,374
stonehenge,2,98,2000,116446,1929,8552,0,9646,False,partial_pre_cbf,0.08,0.25,0.5,risk_v2_hybrid,,0.001555056544020772,0.035665204748511314,0.07157201319932938,381
stonehenge,2,99,2000,116446,1940,8652,0,9736,False,partial_pre_cbf,0.08,0.25,0.5,risk_v2_hybrid,,0.0015256605111062527,0.03571282513439655,0.0725320503115654,409
stonehenge,2,100,2000,116446,1959,8705,0,9787,False,partial_pre_cbf,0.08,0.25,0.5,risk_v2_hybrid,,0.0014975774101912975,0.03603443689644337,0.07341574132442474,422
stonehenge,2,101,2000,116446,1964,8732,0,9812,False,partial_pre_cbf,0.08,0.25,0.5,risk_v2_hybrid,,0.0014717099256813526,0.036605194211006165,0.07422539591789246,426
stonehenge,2,102,2000,116446,1967,8724,0,9799,False,partial_pre_cbf,0.08,0.25,0.5,risk_v2_hybrid,,0.001447871676646173,0.0363676231354475,0.07497129589319229,438
stonehenge,2,103,2000,116446,1979,8749,0,9823,False,partial_pre_cbf,0.08,0.25,0.5,risk_v2_hybrid,,0.0014259297167882323,0.03665129467844963,0.07566498965024948,446
stonehenge,2,104,2000,116446,1987,8762,0,9832,False,partial_pre_cbf,0.08,0.25,0.5,risk_v2_hybrid,,0.001405810471624136,0.03609302267432213,0.07631725817918777,448
