scene,trial,step,topk,h_critical,near_distance_threshold,risk_score_name,baseline_active_constraints_count,risk_aware_selected_count,forced_low_h_count,forced_near_count,forced_heading_count,risk_ranked_count,fallback_used,fallback_reason,min_selected_h,min_safety_h_step,control_deviation,runtime_step
stonehenge,0,1,300,0.0006,0.05,risk_v2_hybrid,870,300,0,0,73,227,False,,0.0028044122736901045,0.0028044122736901045,8.329236855786348e-09,0.06118955835700035
stonehenge,0,2,300,0.0006,0.05,risk_v2_hybrid,867,300,0,0,72,228,False,,0.0028044122736901045,0.002782857045531273,1.8879847019093177e-08,0.058331843465566635
stonehenge,0,3,300,0.0006,0.05,risk_v2_hybrid,811,300,0,0,70,230,False,,0.002782857045531273,0.002742249518632889,8.339766566223261e-08,0.05719107575714588
stonehenge,0,4,300,0.0006,0.05,risk_v2_hybrid,737,300,0,0,69,231,False,,0.002742249518632889,0.0026851086877286434,9.93978854779698e-09,0.057916684076189995
stonehenge,0,5,300,0.0006,0.05,risk_v2_hybrid,658,300,0,0,63,237,False,,0.0026851086877286434,0.002613916527479887,0.0026818588376045227,0.059474848210811615
stonehenge,0,6,300,0.0006,0.05,risk_v2_hybrid,586,300,0,0,58,242,False,,0.002613916527479887,0.0025317699182778597,0.011379875242710114,0.2953905127942562
stonehenge,0,7,300,0.0006,0.05,risk_v2_hybrid,533,300,0,0,54,246,False,,0.0025317699182778597,0.0024430889170616865,0.017343273386359215,0.05999095179140568
stonehenge,0,8,300,0.0006,0.05,risk_v2_hybrid,498,300,0,0,51,249,False,,0.0024430889170616865,0.002351077739149332,0.0213105957955122,0.057738447561860085
stonehenge,0,9,300,0.0006,0.05,risk_v2_hybrid,464,300,0,0,52,248,False,,0.002351077739149332,0.0022580449003726244,0.02378842793405056,0.05748097598552704
stonehenge,0,10,300,0.0006,0.05,risk_v2_hybrid,440,300,0,0,47,253,False,,0.0022580449003726244,0.0021656418684870005,0.02513175457715988,0.05763516202569008
stonehenge,0,11,300,0.0006,0.05,risk_v2_hybrid,423,300,0,3,55,245,False,,0.0021656418684870005,0.0020750302355736494,0.02746039256453514,0.05604483000934124
stonehenge,0,12,300,0.0006,0.05,risk_v2_hybrid,394,300,0,2,54,246,False,,0.0020750302355736494,0.0019873615819960833,0.030061740428209305,0.05608001723885536
stonehenge,0,13,300,0.0006,0.05,risk_v2_hybrid,376,300,0,4,53,247,False,,0.0019873615819960833,0.0019037133315578103,0.03174717724323273,0.05452181398868561
stonehenge,0,14,300,0.0006,0.05,risk_v2_hybrid,365,300,0,5,56,244,False,,0.0019037133315578103,0.0018247858388349414,0.03275103494524956,0.05588632449507713
stonehenge,0,15,300,0.0006,0.05,risk_v2_hybrid,366,300,0,10,62,238,False,,0.0018247858388349414,0.001751015312038362,0.03324142098426819,0.05462460592389107
stonehenge,0,16,300,0.0006,0.05,risk_v2_hybrid,363,300,0,14,69,231,False,,0.001751015312038362,0.0016826477367430925,0.03333760052919388,0.054715218022465706
stonehenge,0,17,300,0.0006,0.05,risk_v2_hybrid,377,300,0,14,71,229,False,,0.0016826477367430925,0.0016198037192225456,0.03312219679355621,0.054282668977975845
stonehenge,0,18,300,0.0006,0.05,risk_v2_hybrid,401,300,0,20,69,231,False,,0.0016198037192225456,0.0015625181840732694,0.03265000507235527,0.054355209693312645
stonehenge,0,19,300,0.0006,0.05,risk_v2_hybrid,388,300,0,24,67,233,False,,0.0015625181840732694,0.0015107677318155766,0.03195460885763168,0.055924348533153534
stonehenge,0,20,300,0.0006,0.05,risk_v2_hybrid,385,300,0,24,66,234,False,,0.0015107677318155766,0.0014644927578046918,0.0310527291148901,0.054980142042040825
stonehenge,0,21,300,0.0006,0.05,risk_v2_hybrid,390,300,0,25,66,234,False,,0.0014644927578046918,0.0014236137503758073,0.029948003590106964,0.05542517825961113
stonehenge,0,22,300,0.0006,0.05,risk_v2_hybrid,384,300,0,26,64,236,False,,0.0014236137503758073,0.0013880402548238635,0.028632931411266327,0.06646730937063694
stonehenge,0,23,300,0.0006,0.05,risk_v2_hybrid,351,300,0,27,60,240,False,,0.0013880402548238635,0.0013576800702139735,0.027091221883893013,0.057495346292853355
stonehenge,0,24,300,0.0006,0.05,risk_v2_hybrid,341,300,0,23,52,248,False,,0.0013576800702139735,0.0013324421597644687,0.025298448279500008,0.05683394894003868
stonehenge,0,25,300,0.0006,0.05,risk_v2_hybrid,318,300,0,17,46,254,False,,0.0013324421597644687,0.0013122401433065534,0.023223668336868286,0.05678107962012291
stonehenge,0,26,300,0.0006,0.05,risk_v2_hybrid,332,300,0,15,41,259,False,,0.0013122401433065534,0.0012969962554052472,0.020829366520047188,0.05700741708278656
stonehenge,0,27,300,0.0006,0.05,risk_v2_hybrid,340,300,0,13,41,259,False,,0.0012969962554052472,0.0012829495826736093,0.018072573468089104,0.05702369473874569
stonehenge,0,28,300,0.0006,0.05,risk_v2_hybrid,344,300,0,14,38,262,False,,0.0012866390170529485,0.0012709073489531875,0.014905010350048542,0.057662736624479294
stonehenge,0,29,300,0.0006,0.05,risk_v2_hybrid,346,300,0,14,36,264,False,,0.0012811025371775031,0.0012633291771635413,0.011273295618593693,0.06601087562739849
stonehenge,0,30,300,0.0006,0.05,risk_v2_hybrid,344,300,0,14,27,272,False,,0.0012803251156583428,0.0012601924827322364,0.007119365967810154,0.05564415454864502
stonehenge,0,31,300,0.0006,0.05,risk_v2_hybrid,344,300,0,10,20,280,False,,0.001284247380681336,0.001259394222870469,0.002381191123276949,0.05516524985432625
stonehenge,0,32,300,0.0006,0.05,risk_v2_hybrid,309,300,0,8,16,284,False,,0.001292802975513041,0.0012595318257808685,0.0017644786275923252,0.0546205285936594
stonehenge,0,33,300,0.0006,0.05,risk_v2_hybrid,258,258,0,8,15,243,False,,0.001305917277932167,0.001263685175217688,0.004316744394600391,0.05463751219213009
stonehenge,0,34,300,0.0006,0.05,risk_v2_hybrid,249,249,0,9,19,229,False,,0.0013239601394161582,0.001272435998544097,0.0060375649482011795,0.0564411748200655
stonehenge,0,35,300,0.0006,0.05,risk_v2_hybrid,258,258,0,12,18,235,False,,0.0013452795101329684,0.0012866194592788815,0.00704925274476409,0.05306790955364704
stonehenge,0,36,300,0.0006,0.05,risk_v2_hybrid,258,258,0,19,20,225,False,,0.0013492973521351814,0.001307243132032454,0.00745626213029027,0.05338394269347191
stonehenge,0,37,300,0.0006,0.05,risk_v2_hybrid,226,226,0,19,21,190,False,,0.001332840183749795,0.0013265815796330571,0.007356176618486643,0.05390334874391556
stonehenge,0,38,300,0.0006,0.05,risk_v2_hybrid,218,218,0,21,18,179,False,,0.0013346305349841714,0.0013320950092747808,0.006835708860307932,0.05436556041240692
stonehenge,0,39,300,0.0006,0.05,risk_v2_hybrid,216,216,0,19,20,177,False,,0.001356044551357627,0.0013401760952547193,0.005965246353298426,0.053823601454496384
stonehenge,0,40,300,0.0006,0.05,risk_v2_hybrid,214,214,0,15,28,171,False,,0.0013624046696349978,0.0013577390927821398,0.006216154433786869,0.05427892878651619
stonehenge,0,41,300,0.0006,0.05,risk_v2_hybrid,215,215,0,12,36,167,False,,0.0013782702153548598,0.0013854153221473098,0.008623658679425716,0.054613880813121796
stonehenge,0,42,300,0.0006,0.05,risk_v2_hybrid,214,214,0,13,43,158,False,,0.0014042736729606986,0.0014235853450372815,0.0102819399908185,0.05286313220858574
stonehenge,0,43,300,0.0006,0.05,risk_v2_hybrid,219,219,0,14,46,159,False,,0.0014407919952645898,0.0014725594082847238,0.011340891942381859,0.05413219891488552
stonehenge,0,44,300,0.0006,0.05,risk_v2_hybrid,219,219,0,13,48,158,False,,0.0014881332172080874,0.0015326006105169654,0.011915226466953754,0.05621879734098911
stonehenge,0,45,300,0.0006,0.05,risk_v2_hybrid,188,188,0,15,47,126,False,,0.001546560670249164,0.0016039476031437516,0.012091649696230888,0.054166169837117195
stonehenge,0,46,300,0.0006,0.05,risk_v2_hybrid,183,183,0,13,56,114,False,,0.001616314402781427,0.0016868257662281394,0.011933168396353722,0.05570640228688717
stonehenge,0,47,300,0.0006,0.05,risk_v2_hybrid,174,174,0,9,63,102,False,,0.0016976183978840709,0.001781455590389669,0.01148422621190548,0.05753232724964619
stonehenge,0,48,300,0.0006,0.05,risk_v2_hybrid,172,172,0,7,57,108,False,,0.001790695241652429,0.001888060593046248,0.010773285292088985,0.056961867958307266
stonehenge,0,49,300,0.0006,0.05,risk_v2_hybrid,187,187,0,7,72,108,False,,0.0018957682186737657,0.002006870461627841,0.009799208492040634,0.057191647589206696
stonehenge,0,50,300,0.0006,0.05,risk_v2_hybrid,181,181,0,6,67,108,False,,0.0020130674820393324,0.002138126641511917,0.009777162224054337,0.057451240718364716
stonehenge,0,51,300,0.0006,0.05,risk_v2_hybrid,183,183,0,3,67,113,False,,0.0021428335458040237,0.0022789754439145327,0.013414175249636173,0.05559966154396534
stonehenge,0,52,300,0.0006,0.05,risk_v2_hybrid,195,195,0,0,61,134,False,,0.0022789754439145327,0.002423834754154086,0.01705874688923359,0.05408717878162861
stonehenge,0,53,300,0.0006,0.05,risk_v2_hybrid,209,209,0,0,44,165,False,,0.002423834754154086,0.0025533544830977917,0.020041773095726967,0.05475777015089989
stonehenge,0,54,300,0.0006,0.05,risk_v2_hybrid,208,208,0,0,37,171,False,,0.0025704435538500547,0.002564957132562995,0.022528856992721558,0.05507838353514671
stonehenge,0,55,300,0.0006,0.05,risk_v2_hybrid,219,219,0,0,33,186,False,,0.0025786273181438446,0.0025692989584058523,0.024642804637551308,0.056662583723664284
stonehenge,0,56,300,0.0006,0.05,risk_v2_hybrid,226,226,0,0,30,196,False,,0.0025874734856188297,0.0025498466566205025,0.02647588588297367,0.05384414456784725
stonehenge,0,57,300,0.0006,0.05,risk_v2_hybrid,215,215,0,0,28,187,False,,0.00258564087562263,0.0025331215001642704,0.028096888214349747,0.053735680878162384
stonehenge,0,58,300,0.0006,0.05,risk_v2_hybrid,225,225,0,0,38,187,False,,0.002577932784333825,0.0025240296963602304,0.02955743297934532,0.054122503846883774
stonehenge,0,59,300,0.0006,0.05,risk_v2_hybrid,224,224,0,0,55,169,False,,0.0025723071303218603,0.002522319322451949,0.030896810814738274,0.05495513416826725
stonehenge,0,60,300,0.0006,0.05,risk_v2_hybrid,223,223,0,0,65,158,False,,0.002573625650256872,0.0025273736100643873,0.0321446992456913,0.05478072352707386
stonehenge,0,61,300,0.0006,0.05,risk_v2_hybrid,236,236,0,0,66,170,False,,0.0025760973803699017,0.002515190513804555,0.033323582261800766,0.05528623051941395
stonehenge,0,62,300,0.0006,0.05,risk_v2_hybrid,238,238,0,0,55,183,False,,0.0025783833116292953,0.002510078949853778,0.03445083647966385,0.05668031424283981
stonehenge,0,63,300,0.0006,0.05,risk_v2_hybrid,265,265,0,0,53,212,False,,0.0025606355629861355,0.002511859405785799,0.03553926572203636,0.055857978761196136
stonehenge,0,64,300,0.0006,0.05,risk_v2_hybrid,284,284,0,0,47,237,False,,0.0025502690114080906,0.0025203656405210495,0.036598943173885345,0.05628344789147377
stonehenge,0,65,300,0.0006,0.05,risk_v2_hybrid,281,281,0,0,45,236,False,,0.002544979564845562,0.0025247358717024326,0.03763711079955101,0.05276836082339287
stonehenge,0,66,300,0.0006,0.05,risk_v2_hybrid,279,279,0,0,46,233,False,,0.0025455818977206945,0.002521577989682555,0.03865913674235344,0.05609392561018467
stonehenge,0,67,300,0.0006,0.05,risk_v2_hybrid,275,275,0,0,45,230,False,,0.002542137634009123,0.0025233817286789417,0.03966863080859184,0.05706492066383362
stonehenge,0,68,300,0.0006,0.05,risk_v2_hybrid,270,270,0,0,45,225,False,,0.0025233817286789417,0.0025141264777630568,0.04066776856780052,0.05515047907829285
stonehenge,0,69,300,0.0006,0.05,risk_v2_hybrid,274,274,0,0,45,229,False,,0.002515776315703988,0.002498394111171365,0.04165732488036156,0.05607475899159908
stonehenge,0,70,300,0.0006,0.05,risk_v2_hybrid,281,281,0,0,43,238,False,,0.0025061611086130142,0.0024770412128418684,0.04263730347156525,0.05479254014790058
stonehenge,0,71,300,0.0006,0.05,risk_v2_hybrid,291,291,0,0,45,246,False,,0.0024951265659183264,0.002461449708789587,0.04360634461045265,0.055026743561029434
stonehenge,0,72,300,0.0006,0.05,risk_v2_hybrid,306,300,0,0,44,256,False,,0.0024855313822627068,0.002451433800160885,0.04456203803420067,0.05581085942685604
stonehenge,0,73,300,0.0006,0.05,risk_v2_hybrid,305,300,0,0,47,253,False,,0.002472957596182823,0.0024468456394970417,0.045501187443733215,0.05540095455944538
stonehenge,0,74,300,0.0006,0.05,risk_v2_hybrid,304,300,0,0,49,251,False,,0.0024550887756049633,0.002444341778755188,0.04641939699649811,0.05516369268298149
stonehenge,0,75,300,0.0006,0.05,risk_v2_hybrid,306,300,0,0,51,249,False,,0.002449881052598357,0.0024346155114471912,0.04731178283691406,0.05686873570084572
stonehenge,0,76,300,0.0006,0.05,risk_v2_hybrid,325,300,0,0,51,249,False,,0.0024434567894786596,0.0024285493418574333,0.048221953213214874,0.05513082258403301
stonehenge,0,77,300,0.0006,0.05,risk_v2_hybrid,365,300,0,0,53,247,False,,0.002436882583424449,0.0024261840153485537,0.04909257963299751,0.05568201094865799
stonehenge,0,78,300,0.0006,0.05,risk_v2_hybrid,364,300,0,0,53,247,False,,0.002431287197396159,0.002416517585515976,0.04991129785776138,0.05614631623029709
stonehenge,0,79,300,0.0006,0.05,risk_v2_hybrid,359,300,0,0,54,246,False,,0.0024264303501695395,0.002403917023912072,0.050671596080064774,0.055613983422517776
stonehenge,0,80,300,0.0006,0.05,risk_v2_hybrid,342,300,0,0,55,245,False,,0.0024204838555306196,0.002397253643721342,0.05136680603027344,0.05838252790272236
stonehenge,0,81,300,0.0006,0.05,risk_v2_hybrid,328,300,0,0,56,244,False,,0.0024061237927526236,0.0023960014805197716,0.05202699452638626,0.059780681505799294
stonehenge,0,82,300,0.0006,0.05,risk_v2_hybrid,322,300,0,0,53,247,False,,0.002407021587714553,0.002373250899836421,0.052860528230667114,0.058650145307183266
stonehenge,0,83,300,0.0006,0.05,risk_v2_hybrid,337,300,0,0,53,247,False,,0.0023942149709910154,0.002268456621095538,0.05363773554563522,0.05926118791103363
stonehenge,0,84,300,0.0006,0.05,risk_v2_hybrid,352,300,0,0,52,248,False,,0.0023159675765782595,0.002168751321732998,0.055361293256282806,0.057690542191267014
stonehenge,0,85,300,0.0006,0.05,risk_v2_hybrid,367,300,0,1,53,247,False,,0.0022173533216118813,0.002074232092127204,0.05838712677359581,0.05885905958712101
stonehenge,0,86,300,0.0006,0.05,risk_v2_hybrid,355,300,0,1,51,249,False,,0.0021216142922639847,0.0019852814730256796,0.06078231334686279,0.05758725665509701
stonehenge,0,87,300,0.0006,0.05,risk_v2_hybrid,364,300,0,2,50,250,False,,0.0020290997345000505,0.0019020511535927653,0.0626722052693367,0.07110309414565563
stonehenge,0,88,300,0.0006,0.05,risk_v2_hybrid,361,300,0,2,50,250,False,,0.0019407080253586173,0.0018245225073769689,0.05987565591931343,0.07287720777094364
stonehenge,0,89,300,0.0006,0.05,risk_v2_hybrid,353,300,0,5,51,249,False,,0.0018581574549898505,0.0017516332445666194,0.05666164681315422,0.07011754252016544
stonehenge,0,90,300,0.0006,0.05,risk_v2_hybrid,348,300,0,6,48,252,False,,0.0017805375391617417,0.0016824143240228295,0.05458725616335869,0.0702003762125969
stonehenge,0,91,300,0.0006,0.05,risk_v2_hybrid,342,300,0,11,48,249,False,,0.0017068370943889022,0.001614237087778747,0.0530863031744957,0.07065106183290482
stonehenge,0,92,300,0.0006,0.05,risk_v2_hybrid,336,300,0,13,49,247,False,,0.0016364667098969221,0.0015474256360903382,0.05329226702451706,0.058540306985378265
stonehenge,0,93,300,0.0006,0.05,risk_v2_hybrid,329,300,0,18,51,243,False,,0.0015690753934904933,0.0014834431931376457,0.0548318475484848,0.05686282552778721
stonehenge,0,94,300,0.0006,0.05,risk_v2_hybrid,329,300,0,20,50,243,False,,0.001504627987742424,0.0014224695041775703,0.056050363928079605,0.05676019936800003
stonehenge,0,95,300,0.0006,0.05,risk_v2_hybrid,314,300,0,21,46,247,False,,0.0014627114869654179,0.00136468221899122,0.056856099516153336,0.056982191279530525
stonehenge,0,96,300,0.0006,0.05,risk_v2_hybrid,310,300,0,27,43,250,False,,0.0014021050883457065,0.0013101663207635283,0.057842571288347244,0.055738963186740875
stonehenge,0,97,300,0.0006,0.05,risk_v2_hybrid,298,298,0,26,43,249,False,,0.0013449335237964988,0.0012588248355314136,0.05895289406180382,0.05602652579545975
stonehenge,0,98,300,0.0006,0.05,risk_v2_hybrid,287,287,0,28,42,239,False,,0.0012912332313135266,0.00121075299102813,0.059729769825935364,0.05674057453870773
stonehenge,0,99,300,0.0006,0.05,risk_v2_hybrid,281,281,0,32,42,233,False,,0.0012411506613716483,0.0011659995652735233,0.06022143363952637,0.05626937001943588
stonehenge,0,100,300,0.0006,0.05,risk_v2_hybrid,259,259,0,33,41,213,False,,0.0011947773164138198,0.0011245915666222572,0.06046050041913986,0.05641495808959007
stonehenge,0,101,300,0.0006,0.05,risk_v2_hybrid,244,244,0,34,40,199,False,,0.0011521680280566216,0.0010865574004128575,0.06046755984425545,0.05669259466230869
stonehenge,0,102,300,0.0006,0.05,risk_v2_hybrid,235,235,0,38,42,186,False,,0.0011133505031466484,0.0010519428178668022,0.060253843665122986,0.0561203695833683
stonehenge,0,103,300,0.0006,0.05,risk_v2_hybrid,227,227,0,39,43,178,False,,0.0010783371981233358,0.0010208144085481763,0.05982309952378273,0.05730295926332474
stonehenge,0,104,300,0.0006,0.05,risk_v2_hybrid,218,218,0,36,40,172,False,,0.0010471305577084422,0.0009932582033798099,0.05917280912399292,0.05536721833050251
stonehenge,0,105,300,0.0006,0.05,risk_v2_hybrid,213,213,0,37,41,165,False,,0.0010197274386882782,0.0009693691972643137,0.05829494073987007,0.055396413430571556
stonehenge,0,106,300,0.0006,0.05,risk_v2_hybrid,201,201,0,37,40,155,False,,0.0009961245814338326,0.0009492451790720224,0.057176586240530014,0.055211616680026054
stonehenge,0,107,300,0.0006,0.05,risk_v2_hybrid,196,196,0,36,38,152,False,,0.0009763207053765655,0.0009329835884273052,0.05584300681948662,0.05468527413904667
stonehenge,0,108,300,0.0006,0.05,risk_v2_hybrid,190,190,0,37,36,145,False,,0.0009603208163753152,0.0009205520618706942,0.05437512323260307,0.05679594539105892
stonehenge,0,109,300,0.0006,0.05,risk_v2_hybrid,185,185,0,38,33,141,False,,0.0009480000007897615,0.0009118887828662992,0.05269001051783562,0.05601803585886955
stonehenge,0,110,300,0.0006,0.05,risk_v2_hybrid,174,174,0,37,29,133,False,,0.000939222751185298,0.0009069594088941813,0.05069134756922722,0.05253160744905472
stonehenge,0,111,300,0.0006,0.05,risk_v2_hybrid,174,174,0,38,26,132,False,,0.0009338991949334741,0.000905765569768846,0.04828998073935509,0.05248885974287987
stonehenge,0,112,300,0.0006,0.05,risk_v2_hybrid,175,175,0,40,25,134,False,,0.0009319967357441783,0.0009083530167117715,0.04539669305086136,0.05236929468810558
stonehenge,0,113,300,0.0006,0.05,risk_v2_hybrid,174,174,0,39,26,134,False,,0.0009109004167839885,0.0009087366051971912,0.04274836182594299,0.05244988948106766
stonehenge,0,114,300,0.0006,0.05,risk_v2_hybrid,177,177,0,38,22,138,False,,0.0009131805272772908,0.0009113943669945002,0.0399467758834362,0.053054334595799446
stonehenge,0,115,300,0.0006,0.05,risk_v2_hybrid,180,180,0,40,16,138,False,,0.0009279188234359026,0.0009123256895691156,0.03673873841762543,0.05350961163640022
stonehenge,0,116,300,0.0006,0.05,risk_v2_hybrid,175,175,0,44,13,131,False,,0.0009178348118439317,0.0009085085475817323,0.033047109842300415,0.054141923785209656
stonehenge,0,117,300,0.0006,0.05,risk_v2_hybrid,181,181,0,56,15,125,False,,0.0009094082051888108,0.0009019409772008657,0.029183242470026016,0.05359181389212608
stonehenge,0,118,300,0.0006,0.05,risk_v2_hybrid,168,168,0,54,8,114,False,,0.0009072719840332866,0.0008882307447493076,0.024696193635463715,0.05382399633526802
stonehenge,0,119,300,0.0006,0.05,risk_v2_hybrid,165,165,0,54,6,110,False,,0.0009051364613696933,0.0008764738449826837,0.020238159224390984,0.052949247881770134
stonehenge,0,120,300,0.0006,0.05,risk_v2_hybrid,167,167,0,56,5,110,False,,0.0009041927987709641,0.0008665523491799831,0.016360098496079445,0.05281710810959339
stonehenge,0,121,300,0.0006,0.05,risk_v2_hybrid,149,149,0,41,4,107,False,,0.0009273560717701912,0.0008584827883169055,0.014230210334062576,0.055537523701786995
stonehenge,0,122,300,0.0006,0.05,risk_v2_hybrid,152,152,0,49,1,102,False,,0.0009282471146434546,0.00085281184874475,0.013250942341983318,0.05298296734690666
stonehenge,0,123,300,0.0006,0.05,risk_v2_hybrid,149,149,0,47,7,95,False,,0.000951008521951735,0.0008511265041306615,0.012336863204836845,0.053511230275034904
stonehenge,0,124,300,0.0006,0.05,risk_v2_hybrid,142,142,0,45,20,77,False,,0.0009436183609068394,0.0008548747282475233,0.011078796349465847,0.056677643209695816
stonehenge,0,125,300,0.0006,0.05,risk_v2_hybrid,147,147,0,49,29,70,False,,0.0009366589365527034,0.0008654223056510091,0.010354449972510338,0.055945081636309624
stonehenge,0,126,300,0.0006,0.05,risk_v2_hybrid,155,155,0,51,37,69,False,,0.0009322286350652575,0.0008839791407808661,0.010195446200668812,0.052357329055666924
stonehenge,0,127,300,0.0006,0.05,risk_v2_hybrid,160,160,0,55,38,70,False,,0.0009357021190226078,0.0009115181164816022,0.00981306191533804,0.053194560110569
stonehenge,0,128,300,0.0006,0.05,risk_v2_hybrid,162,162,0,55,43,70,False,,0.0009120689937844872,0.0009446466574445367,0.00919353123754263,0.052188536152243614
stonehenge,0,129,300,0.0006,0.05,risk_v2_hybrid,163,163,0,44,53,78,False,,0.0009446466574445367,0.000987814273685217,0.011160720139741898,0.054042328149080276
stonehenge,0,130,300,0.0006,0.05,risk_v2_hybrid,165,165,0,39,53,86,False,,0.000987814273685217,0.001040485454723239,0.013088639825582504,0.052996667101979256
stonehenge,0,131,300,0.0006,0.05,risk_v2_hybrid,166,166,0,30,48,94,False,,0.001040485454723239,0.0011018392397090793,0.014541149139404297,0.054020343348383904
stonehenge,0,132,300,0.0006,0.05,risk_v2_hybrid,189,189,0,35,50,111,False,,0.0011018392397090793,0.001169085968285799,0.015619846992194653,0.0538391899317503
stonehenge,0,133,300,0.0006,0.05,risk_v2_hybrid,198,198,0,40,58,115,False,,0.001169085968285799,0.0012476351112127304,0.0165350753813982,0.0542066041380167
stonehenge,0,134,300,0.0006,0.05,risk_v2_hybrid,205,205,0,43,64,119,False,,0.0012476351112127304,0.001337956404313445,0.017140764743089676,0.05422988533973694
stonehenge,0,135,300,0.0006,0.05,risk_v2_hybrid,220,220,0,40,70,132,False,,0.001337956404313445,0.0014400819782167673,0.017477214336395264,0.05475589632987976
stonehenge,0,136,300,0.0006,0.05,risk_v2_hybrid,219,219,0,32,68,135,False,,0.0014400819782167673,0.0015540410531684756,0.018636507913470268,0.053729573264718056
stonehenge,0,137,300,0.0006,0.05,risk_v2_hybrid,214,214,0,19,64,142,False,,0.0015540410531684756,0.0015740742674097419,0.01953928917646408,0.058664290234446526
stonehenge,0,138,300,0.0006,0.05,risk_v2_hybrid,217,217,0,18,62,148,False,,0.0015866513131186366,0.0015793493948876858,0.02011043205857277,0.059184109792113304
stonehenge,0,139,300,0.0006,0.05,risk_v2_hybrid,226,226,0,15,64,160,False,,0.0015896671684458852,0.0015918560093268752,0.020654557272791862,0.05866887420415878
stonehenge,0,140,300,0.0006,0.05,risk_v2_hybrid,228,228,0,15,63,163,False,,0.0015918560093268752,0.0016003107884898782,0.021082192659378052,0.059000346809625626
stonehenge,0,141,300,0.0006,0.05,risk_v2_hybrid,216,216,0,2,46,169,False,,0.0016003107884898782,0.0015990270767360926,0.02121218852698803,0.06072952039539814
stonehenge,0,142,300,0.0006,0.05,risk_v2_hybrid,209,209,0,1,36,173,False,,0.0016068051336333156,0.0016035139560699463,0.021464986726641655,0.05930614657700062
stonehenge,0,143,300,0.0006,0.05,risk_v2_hybrid,227,227,0,11,49,178,False,,0.0016276180977001786,0.0016144717810675502,0.021364737302064896,0.06353394873440266
stonehenge,0,144,300,0.0006,0.05,risk_v2_hybrid,236,236,0,8,41,195,False,,0.0016473098658025265,0.0016279397532343864,0.020922912284731865,0.0649480614811182
stonehenge,0,145,300,0.0006,0.05,risk_v2_hybrid,234,234,0,5,36,198,False,,0.0016713145887479186,0.0016374302795156837,0.02014232985675335,0.05971737764775753
stonehenge,0,146,300,0.0006,0.05,risk_v2_hybrid,239,239,0,8,34,204,False,,0.0016374302795156837,0.0016526388935744762,0.01901867426931858,0.06080271676182747
stonehenge,0,147,300,0.0006,0.05,risk_v2_hybrid,234,234,0,1,28,206,False,,0.0016526388935744762,0.001670459401793778,0.017541391775012016,0.06869943253695965
stonehenge,0,148,300,0.0006,0.05,risk_v2_hybrid,225,225,0,1,25,200,False,,0.001670459401793778,0.001687343348748982,0.01569395512342453,0.05704853869974613
stonehenge,0,149,300,0.0006,0.05,risk_v2_hybrid,229,229,0,2,29,200,False,,0.001687343348748982,0.0017027835128828883,0.014347520656883717,0.056897759437561035
stonehenge,0,150,300,0.0006,0.05,risk_v2_hybrid,236,236,0,3,31,203,False,,0.00179643917363137,0.001716570695862174,0.013155201449990273,0.059417128562927246
stonehenge,0,151,300,0.0006,0.05,risk_v2_hybrid,240,240,0,2,35,204,False,,0.0017979241674765944,0.0017366557149216533,0.011450808495283127,0.05849754810333252
stonehenge,0,152,300,0.0006,0.05,risk_v2_hybrid,251,251,0,3,40,210,False,,0.0017992261564359069,0.0017632314702495933,0.009240487590432167,0.058379482477903366
stonehenge,0,153,300,0.0006,0.05,risk_v2_hybrid,259,259,0,5,40,216,False,,0.0017994571244344115,0.0017644100589677691,0.006517569534480572,0.07244265452027321
stonehenge,0,154,300,0.0006,0.05,risk_v2_hybrid,271,271,0,2,45,225,False,,0.0017980803968384862,0.0017316596349701285,0.003264673985540867,0.06740026362240314
stonehenge,0,155,300,0.0006,0.05,risk_v2_hybrid,275,275,0,3,50,224,False,,0.0017954622162505984,0.0017020743107423186,3.164510417263955e-06,0.06935733184218407
stonehenge,0,156,300,0.0006,0.05,risk_v2_hybrid,277,277,0,2,45,232,False,,0.0017919527599588037,0.0016792486421763897,1.707777386172893e-08,0.06047501601278782
stonehenge,0,157,300,0.0006,0.05,risk_v2_hybrid,274,274,0,2,43,229,False,,0.0017876793863251805,0.0016634633066132665,3.4846900920371127e-09,0.06050586700439453
stonehenge,0,158,300,0.0006,0.05,risk_v2_hybrid,273,273,0,3,44,228,False,,0.0016780996229499578,0.0016527124680578709,2.3744159971528234e-09,0.06147756800055504
stonehenge,0,159,300,0.0006,0.05,risk_v2_hybrid,281,281,0,8,50,228,False,,0.0016527124680578709,0.001630523824132979,1.6950326697795504e-09,0.059690505266189575
stonehenge,0,160,300,0.0006,0.05,risk_v2_hybrid,276,276,0,6,49,224,False,,0.0016400763997808099,0.001613782369531691,1.992921827564942e-09,0.05706834979355335
stonehenge,0,161,300,0.0006,0.05,risk_v2_hybrid,281,281,0,5,47,232,False,,0.0016257668612524867,0.0016023193020373583,2.1591826104838674e-09,0.0590117983520031
stonehenge,0,162,300,0.0006,0.05,risk_v2_hybrid,283,283,0,4,47,232,False,,0.0016050722915679216,0.0015876054530963302,2.149746824997578e-09,0.05699972249567509
stonehenge,0,163,300,0.0006,0.05,risk_v2_hybrid,276,276,0,1,42,233,False,,0.0015876054530963302,0.0015732810134068131,1.975633434625479e-09,0.06174246966838837
stonehenge,0,164,300,0.0006,0.05,risk_v2_hybrid,274,274,0,2,36,236,False,,0.0015732810134068131,0.0015682941302657127,1.7092152138076244e-09,0.056525060907006264
stonehenge,0,165,300,0.0006,0.05,risk_v2_hybrid,283,283,0,4,27,252,False,,0.0015691518783569336,0.0015708389692008495,1.996319110020295e-09,0.06839906983077526
stonehenge,0,166,300,0.0006,0.05,risk_v2_hybrid,282,282,0,3,35,244,False,,0.001622309791855514,0.0015848168404772878,1.975633434625479e-09,0.07405521534383297
stonehenge,0,167,300,0.0006,0.05,risk_v2_hybrid,258,258,0,2,23,233,False,,0.001647596713155508,0.001610385486856103,1.4645787871359062e-07,0.07098538056015968
stonehenge,0,168,300,0.0006,0.05,risk_v2_hybrid,249,249,0,1,18,230,False,,0.0016604126431047916,0.0016477301251143217,7.853436301274996e-08,0.07258930802345276
stonehenge,0,169,300,0.0006,0.05,risk_v2_hybrid,257,257,0,1,21,235,False,,0.0016907152021303773,0.0016970979049801826,7.655880551737937e-08,0.06624823994934559
stonehenge,0,170,300,0.0006,0.05,risk_v2_hybrid,280,280,0,5,27,248,False,,0.0017259521409869194,0.0017470697639510036,7.871466323194909e-08,0.057486748322844505
stonehenge,0,171,300,0.0006,0.05,risk_v2_hybrid,275,275,0,4,23,248,False,,0.0017799666384235024,0.0018079167930409312,3.744811394312819e-08,0.0581582710146904
stonehenge,0,172,300,0.0006,0.05,risk_v2_hybrid,281,281,0,4,21,256,False,,0.0018502474995329976,0.001869534025900066,4.61170728272009e-08,0.058533357456326485
stonehenge,0,173,300,0.0006,0.05,risk_v2_hybrid,274,274,0,5,21,248,False,,0.0019332718802616,0.001944522955454886,4.2914166442642454e-08,0.05896372348070145
stonehenge,0,174,300,0.0006,0.05,risk_v2_hybrid,276,276,0,3,22,251,False,,0.002029324881732464,0.00203285226598382,6.635152516309972e-08,0.06401094980537891
stonehenge,0,175,300,0.0006,0.05,risk_v2_hybrid,294,294,0,3,20,271,False,,0.00203285226598382,0.0021341091487556696,9.264969946798374e-08,0.06341830641031265
stonehenge,0,176,300,0.0006,0.05,risk_v2_hybrid,288,288,0,1,20,267,False,,0.0021341091487556696,0.0022471214178949594,1.3012962085667823e-07,0.06676838733255863
stonehenge,0,177,300,0.0006,0.05,risk_v2_hybrid,292,292,0,1,21,270,False,,0.0022471214178949594,0.0023706872016191483,1.8215069985672017e-07,0.06870920024812222
stonehenge,0,178,300,0.0006,0.05,risk_v2_hybrid,288,288,0,0,19,269,False,,0.0023706872016191483,0.0025054009165614843,4.715898338503166e-09,0.07853096164762974
stonehenge,0,179,300,0.0006,0.05,risk_v2_hybrid,290,290,0,0,16,274,False,,0.0025054009165614843,0.002652742899954319,1.2814148853124152e-08,0.07317009009420872
stonehenge,0,180,300,0.0006,0.05,risk_v2_hybrid,290,290,0,0,16,274,False,,0.0026721807662397623,0.0028133855666965246,6.47332285552693e-08,0.06897641904652119
stonehenge,0,181,300,0.0006,0.05,risk_v2_hybrid,285,285,0,0,18,267,False,,0.0028346418403089046,0.002987476298585534,1.4011526445756317e-06,0.07171468250453472
stonehenge,0,182,300,0.0006,0.05,risk_v2_hybrid,284,284,0,0,13,271,False,,0.0030099719297140837,0.0031750164926052094,0.001155426842160523,0.0643454547971487
stonehenge,0,183,300,0.0006,0.05,risk_v2_hybrid,289,289,0,0,12,277,False,,0.0031982297077775,0.003375863889232278,0.003941929433494806,0.06281862035393715
stonehenge,0,184,300,0.0006,0.05,risk_v2_hybrid,299,299,0,0,7,292,False,,0.003399353474378586,0.003541836515069008,0.006146542262285948,0.06454501673579216
stonehenge,0,185,300,0.0006,0.05,risk_v2_hybrid,302,300,0,0,0,300,False,,0.003559805452823639,0.003553256392478943,0.007886847481131554,0.06928729638457298
stonehenge,0,186,300,0.0006,0.05,risk_v2_hybrid,289,289,0,0,0,289,False,,0.0035851832944899797,0.0035675535909831524,0.009251033887267113,0.06942632049322128
stonehenge,0,187,300,0.0006,0.05,risk_v2_hybrid,295,295,0,0,5,290,False,,0.0035981182008981705,0.0035845283418893814,0.010305432602763176,0.06624034605920315
stonehenge,0,188,300,0.0006,0.05,risk_v2_hybrid,294,294,0,0,18,276,False,,0.0035845283418893814,0.0035896168556064367,0.011099245399236679,0.06532526761293411
stonehenge,0,189,300,0.0006,0.05,risk_v2_hybrid,299,299,0,0,20,279,False,,0.003603996941819787,0.0036010537296533585,0.011668686755001545,0.06610785983502865
stonehenge,0,190,300,0.0006,0.05,risk_v2_hybrid,301,300,0,0,22,278,False,,0.0036257714964449406,0.0036253356374800205,0.012039262801408768,0.06576531007885933
stonehenge,0,191,300,0.0006,0.05,risk_v2_hybrid,307,300,0,0,27,273,False,,0.0036496566608548164,0.0036563503090292215,0.01222824677824974,0.06500357761979103
stonehenge,0,192,300,0.0006,0.05,risk_v2_hybrid,321,300,0,0,33,267,False,,0.003675444284453988,0.0036722414661198854,0.01224609836935997,0.06772932782769203
stonehenge,0,193,300,0.0006,0.05,risk_v2_hybrid,335,300,0,0,38,262,False,,0.003702405374497175,0.003699531778693199,0.012097219936549664,0.06694459356367588
stonehenge,0,194,300,0.0006,0.05,risk_v2_hybrid,338,300,0,0,44,256,False,,0.003731842152774334,0.003712824545800686,0.011781084351241589,0.06726425886154175
stonehenge,0,195,300,0.0006,0.05,risk_v2_hybrid,331,300,0,0,46,254,False,,0.003761984407901764,0.0037357048131525517,0.011292725801467896,0.06595129519701004
stonehenge,0,196,300,0.0006,0.05,risk_v2_hybrid,337,300,0,0,49,251,False,,0.00377803947776556,0.0037643341347575188,0.010622868314385414,0.06510717049241066
stonehenge,0,197,300,0.0006,0.05,risk_v2_hybrid,326,300,0,0,49,251,False,,0.0037809843197464943,0.003791181370615959,0.009818388149142265,0.06999147683382034
stonehenge,0,198,300,0.0006,0.05,risk_v2_hybrid,325,300,0,0,53,247,False,,0.0037974566221237183,0.003804353531450033,0.00901446770876646,0.07290739752352238
stonehenge,0,199,300,0.0006,0.05,risk_v2_hybrid,328,300,0,0,53,247,False,,0.0038139931857585907,0.0037286486476659775,0.008139507845044136,0.0716219674795866
stonehenge,0,200,300,0.0006,0.05,risk_v2_hybrid,331,300,0,0,53,247,False,,0.0037286486476659775,0.0035546007566154003,0.007740080822259188,0.06849581003189087
stonehenge,0,201,300,0.0006,0.05,risk_v2_hybrid,327,300,0,0,55,245,False,,0.0035546007566154003,0.0033899261616170406,0.00789007917046547,0.07023459672927856
stonehenge,0,202,300,0.0006,0.05,risk_v2_hybrid,320,300,0,0,53,247,False,,0.0033899261616170406,0.003234423231333494,0.009902079589664936,0.07040220499038696
stonehenge,0,203,300,0.0006,0.05,risk_v2_hybrid,316,300,0,0,53,247,False,,0.003234423231333494,0.003088593017309904,0.01135533582419157,0.07745387405157089
stonehenge,0,204,300,0.0006,0.05,risk_v2_hybrid,320,300,0,0,59,241,False,,0.003088593017309904,0.0029527051374316216,0.01234192680567503,0.06403837725520134
stonehenge,0,205,300,0.0006,0.05,risk_v2_hybrid,332,300,0,0,60,240,False,,0.0029527051374316216,0.0028268718160688877,0.012928884476423264,0.06372864916920662
stonehenge,0,206,300,0.0006,0.05,risk_v2_hybrid,330,300,0,0,60,240,False,,0.0028268718160688877,0.002711092121899128,0.013164199888706207,0.06475464813411236
stonehenge,0,207,300,0.0006,0.05,risk_v2_hybrid,329,300,0,0,61,239,False,,0.002711092121899128,0.0026052938774228096,0.013080931268632412,0.06406188569962978
stonehenge,0,208,300,0.0006,0.05,risk_v2_hybrid,335,300,0,0,64,236,False,,0.0026052938774228096,0.0025093574076890945,0.012700304388999939,0.06428487412631512
stonehenge,0,209,300,0.0006,0.05,risk_v2_hybrid,333,300,0,0,57,243,False,,0.0025093574076890945,0.0024193183053284883,0.013214404694736004,0.0675981268286705
stonehenge,0,210,300,0.0006,0.05,risk_v2_hybrid,342,300,0,0,58,242,False,,0.0024231402203440666,0.0023381400387734175,0.013541391119360924,0.06735835783183575
stonehenge,0,211,300,0.0006,0.05,risk_v2_hybrid,342,300,0,0,58,242,False,,0.002346498891711235,0.002266955329105258,0.013404478318989277,0.06811175309121609
stonehenge,0,212,300,0.0006,0.05,risk_v2_hybrid,342,300,0,0,58,242,False,,0.0022794860415160656,0.0022057166788727045,0.012868519872426987,0.06701674498617649
stonehenge,0,213,300,0.0006,0.05,risk_v2_hybrid,331,300,0,0,59,241,False,,0.0022220804821699858,0.00215432932600379,0.011980408802628517,0.05853358656167984
stonehenge,0,214,300,0.0006,0.05,risk_v2_hybrid,330,300,0,1,62,238,False,,0.0021742198150604963,0.0021126787178218365,0.010774976573884487,0.09730690903961658
stonehenge,0,215,300,0.0006,0.05,risk_v2_hybrid,336,300,0,2,66,234,False,,0.0021358230151236057,0.0020806354004889727,0.010793257504701614,0.06025839410722256
stonehenge,0,216,300,0.0006,0.05,risk_v2_hybrid,342,300,0,2,65,235,False,,0.0021068034693598747,0.0020580808632075787,0.013380804099142551,0.05977422185242176
stonehenge,0,217,300,0.0006,0.05,risk_v2_hybrid,349,300,0,3,66,234,False,,0.0020870924927294254,0.002045348286628723,0.015332342125475407,0.05906563997268677
stonehenge,0,218,300,0.0006,0.05,risk_v2_hybrid,373,300,0,2,69,230,False,,0.0020771478302776814,0.002042285865172744,0.016766848042607307,0.05981561355292797
stonehenge,0,219,300,0.0006,0.05,risk_v2_hybrid,393,300,0,2,83,216,False,,0.002042285865172744,0.002047487534582615,0.017772948369383812,0.06816681288182735
stonehenge,0,220,300,0.0006,0.05,risk_v2_hybrid,399,300,0,1,86,213,False,,0.002047487534582615,0.0020593490917235613,0.01841694489121437,0.06069894693791866
stonehenge,0,221,300,0.0006,0.05,risk_v2_hybrid,411,300,0,1,94,205,False,,0.0020593490917235613,0.002078691264614463,0.018917538225650787,0.06263121217489243
stonehenge,0,222,300,0.0006,0.05,risk_v2_hybrid,417,300,0,1,103,196,False,,0.002078691264614463,0.0021070365328341722,0.019121527671813965,0.05974842607975006
stonehenge,0,223,300,0.0006,0.05,risk_v2_hybrid,421,300,0,2,113,185,False,,0.0021070365328341722,0.002145159523934126,0.018955297768115997,0.061960216611623764
stonehenge,0,224,300,0.0006,0.05,risk_v2_hybrid,410,300,0,1,115,184,False,,0.0021552301477640867,0.0021792761981487274,0.018442761152982712,0.06115695647895336
stonehenge,0,225,300,0.0006,0.05,risk_v2_hybrid,399,300,0,1,109,190,False,,0.0021973359398543835,0.0022171474993228912,0.017605813220143318,0.06077961251139641
stonehenge,0,226,300,0.0006,0.05,risk_v2_hybrid,407,300,0,0,116,184,False,,0.0022171474993228912,0.0022043983917683363,0.016464030370116234,0.06039579212665558
stonehenge,0,227,300,0.0006,0.05,risk_v2_hybrid,402,300,0,0,109,191,False,,0.0022595415357500315,0.0021747457794845104,0.015246341936290264,0.06069251708686352
stonehenge,0,228,300,0.0006,0.05,risk_v2_hybrid,406,300,0,0,112,188,False,,0.0022458918392658234,0.0021545577328652143,0.013909325934946537,0.06000958010554314
stonehenge,0,229,300,0.0006,0.05,risk_v2_hybrid,423,300,0,1,121,179,False,,0.0021545577328652143,0.0021436610259115696,0.012985749170184135,0.05997047573328018
stonehenge,0,230,300,0.0006,0.05,risk_v2_hybrid,423,300,0,1,123,177,False,,0.0021436610259115696,0.002141879638656974,0.012169832363724709,0.06036127917468548
stonehenge,0,231,300,0.0006,0.05,risk_v2_hybrid,417,300,0,1,125,175,False,,0.002141879638656974,0.0021492086816579103,0.010966937988996506,0.06162114441394806
stonehenge,0,232,300,0.0006,0.05,risk_v2_hybrid,400,300,0,1,122,178,False,,0.0021492086816579103,0.0021655710879713297,0.009386279620230198,0.06096609681844711
stonehenge,0,233,300,0.0006,0.05,risk_v2_hybrid,393,300,0,1,113,187,False,,0.0021655710879713297,0.0021907049231231213,0.008592573925852776,0.06047424487769604
stonehenge,0,234,300,0.0006,0.05,risk_v2_hybrid,378,300,0,0,104,196,False,,0.0023201394360512495,0.0022149255964905024,0.008242296054959297,0.06053411774337292
stonehenge,0,235,300,0.0006,0.05,risk_v2_hybrid,364,300,0,0,98,202,False,,0.0023459449876099825,0.0022482476197183132,0.00763348676264286,0.060976264998316765
stonehenge,0,236,300,0.0006,0.05,risk_v2_hybrid,359,300,0,0,95,205,False,,0.002375495620071888,0.0022911473643034697,0.006780574563890696,0.061115117743611336
stonehenge,0,237,300,0.0006,0.05,risk_v2_hybrid,354,300,0,0,98,202,False,,0.0023145671002566814,0.002343784086406231,0.005627765320241451,0.06108600273728371
stonehenge,0,238,300,0.0006,0.05,risk_v2_hybrid,316,300,0,0,86,214,False,,0.0023609513882547617,0.0022707923781126738,0.004048310685902834,0.05939720943570137
stonehenge,0,239,300,0.0006,0.05,risk_v2_hybrid,327,300,0,0,82,218,False,,0.0022707923781126738,0.0021894362289458513,0.001889657462015748,0.05962108075618744
stonehenge,0,240,300,0.0006,0.05,risk_v2_hybrid,309,300,0,1,82,218,False,,0.0021894362289458513,0.0021167872473597527,0.005117214284837246,0.06043318472802639
stonehenge,0,241,300,0.0006,0.05,risk_v2_hybrid,289,289,0,1,77,212,False,,0.0021167872473597527,0.002053692936897278,0.0088257547467947,0.05817735753953457
stonehenge,0,242,300,0.0006,0.05,risk_v2_hybrid,287,287,0,1,71,216,False,,0.002053692936897278,0.002001021755859256,0.011570216156542301,0.05889345891773701
stonehenge,0,243,300,0.0006,0.05,risk_v2_hybrid,289,289,0,2,68,221,False,,0.002001021755859256,0.001959323650225997,0.0135934604331851,0.058351973071694374
stonehenge,0,244,300,0.0006,0.05,risk_v2_hybrid,301,300,0,1,70,230,False,,0.001990705030038953,0.001928924466483295,0.015066656284034252,0.058257441967725754
stonehenge,0,245,300,0.0006,0.05,risk_v2_hybrid,295,295,0,1,63,231,False,,0.0019550658762454987,0.0019099953351542354,0.016118664294481277,0.058439482003450394
stonehenge,0,246,300,0.0006,0.05,risk_v2_hybrid,292,292,0,1,55,236,False,,0.0019310255302116275,0.0019025543006137013,0.018012812361121178,0.06397764198482037
stonehenge,0,247,300,0.0006,0.05,risk_v2_hybrid,297,297,0,2,54,241,False,,0.0019185220589861274,0.0019064779626205564,0.019638270139694214,0.06144506484270096
stonehenge,0,248,300,0.0006,0.05,risk_v2_hybrid,313,300,0,4,57,239,False,,0.0019173416076228023,0.0019217351218685508,0.02090887539088726,0.0678782369941473
stonehenge,0,249,300,0.0006,0.05,risk_v2_hybrid,327,300,0,2,57,241,False,,0.0019566204864531755,0.0019481793278828263,0.021902957931160927,0.07047554850578308
stonehenge,0,250,300,0.0006,0.05,risk_v2_hybrid,340,300,0,2,60,238,False,,0.001969729783013463,0.001979539170861244,0.022677641361951828,0.07760496251285076
stonehenge,0,251,300,0.0006,0.05,risk_v2_hybrid,341,300,0,1,59,240,False,,0.0019933441653847694,0.002018250524997711,0.023273779079318047,0.07615606114268303
stonehenge,0,252,300,0.0006,0.05,risk_v2_hybrid,339,300,0,3,62,235,False,,0.002024145796895027,0.0020635470282286406,0.023720478639006615,0.05863880552351475
stonehenge,0,253,300,0.0006,0.05,risk_v2_hybrid,355,300,0,5,68,227,False,,0.0020800866186618805,0.002110937610268593,0.024037949740886688,0.05840378440916538
stonehenge,0,254,300,0.0006,0.05,risk_v2_hybrid,358,300,0,7,66,227,False,,0.002110937610268593,0.0021583205088973045,0.024239446967840195,0.05970512330532074
stonehenge,0,255,300,0.0006,0.05,risk_v2_hybrid,359,300,0,5,69,226,False,,0.002166046993806958,0.0022038226015865803,0.024332765489816666,0.058552540838718414
stonehenge,0,256,300,0.0006,0.05,risk_v2_hybrid,357,300,0,3,67,230,False,,0.0022171405144035816,0.002259482629597187,0.024321816861629486,0.06038963608443737
stonehenge,0,257,300,0.0006,0.05,risk_v2_hybrid,353,300,0,0,67,233,False,,0.002267826348543167,0.002325081964954734,0.024206863716244698,0.060429440811276436
stonehenge,0,258,300,0.0006,0.05,risk_v2_hybrid,361,300,0,0,72,228,False,,0.002328506438061595,0.002398986369371414,0.02398524060845375,0.06002732925117016
stonehenge,0,259,300,0.0006,0.05,risk_v2_hybrid,352,300,0,0,67,233,False,,0.002398986369371414,0.0024790901225060225,0.02365148812532425,0.059762027114629745
stonehenge,0,260,300,0.0006,0.05,risk_v2_hybrid,354,300,0,0,68,232,False,,0.0025607836432754993,0.002568659372627735,0.023197947070002556,0.059031108394265175
stonehenge,0,261,300,0.0006,0.05,risk_v2_hybrid,349,300,0,0,63,237,False,,0.002661733888089657,0.002667555585503578,0.022614194080233574,0.059364547953009605
stonehenge,0,262,300,0.0006,0.05,risk_v2_hybrid,339,300,0,0,52,248,False,,0.0027701740618795156,0.0027756590861827135,0.02188737317919731,0.06054910831153393
stonehenge,0,263,300,0.0006,0.05,risk_v2_hybrid,348,300,0,0,52,248,False,,0.0027756590861827135,0.0027924866881221533,0.02100164256989956,0.05918562412261963
stonehenge,0,264,300,0.0006,0.05,risk_v2_hybrid,359,300,0,0,54,246,False,,0.002797257388010621,0.002750536659732461,0.019938265904784203,0.061046330258250237
stonehenge,0,265,300,0.0006,0.05,risk_v2_hybrid,366,300,0,0,53,247,False,,0.002750536659732461,0.0027101198211312294,0.018674606457352638,0.06134374812245369
stonehenge,0,266,300,0.0006,0.05,risk_v2_hybrid,376,300,0,0,51,249,False,,0.0027101198211312294,0.0026670952793210745,0.017182601615786552,0.06086496822535992
stonehenge,0,267,300,0.0006,0.05,risk_v2_hybrid,390,300,0,0,55,245,False,,0.00267589557915926,0.002621339401230216,0.015428630635142326,0.06396741792559624
stonehenge,0,268,300,0.0006,0.05,risk_v2_hybrid,389,300,0,0,56,244,False,,0.002643534680828452,0.0025824191980063915,0.013392161577939987,0.06344134174287319
stonehenge,0,269,300,0.0006,0.05,risk_v2_hybrid,385,300,0,0,60,240,False,,0.0026060736272484064,0.0025485344231128693,0.01355716958642006,0.05873851664364338
stonehenge,0,270,300,0.0006,0.05,risk_v2_hybrid,371,300,0,0,61,239,False,,0.0025650574825704098,0.0025165218394249678,0.014433462172746658,0.0648542046546936
stonehenge,0,271,300,0.0006,0.05,risk_v2_hybrid,335,300,0,0,58,242,False,,0.002517767483368516,0.0024718556087464094,0.015206079930067062,0.06154845468699932
stonehenge,0,272,300,0.0006,0.05,risk_v2_hybrid,322,300,0,0,49,251,False,,0.002476818859577179,0.00243344041518867,0.01569892279803753,0.06457558460533619
stonehenge,0,273,300,0.0006,0.05,risk_v2_hybrid,327,300,0,0,47,253,False,,0.00243344041518867,0.002390851266682148,0.016143521293997765,0.06437507644295692
stonehenge,0,274,300,0.0006,0.05,risk_v2_hybrid,339,300,0,0,47,253,False,,0.002390851266682148,0.00234910286962986,0.016704725101590157,0.06189998425543308
stonehenge,0,275,300,0.0006,0.05,risk_v2_hybrid,337,300,0,0,43,257,False,,0.00234910286962986,0.0023085102438926697,0.016740936785936356,0.0624029953032732
stonehenge,0,276,300,0.0006,0.05,risk_v2_hybrid,337,300,0,0,39,261,False,,0.002363109728321433,0.0022739062551409006,0.016315164044499397,0.05985128879547119
stonehenge,0,277,300,0.0006,0.05,risk_v2_hybrid,318,300,0,0,37,263,False,,0.00232070148922503,0.0022427821531891823,0.015470374375581741,0.06364617124199867
stonehenge,0,278,300,0.0006,0.05,risk_v2_hybrid,310,300,0,0,35,265,False,,0.0022540902718901634,0.0022032507695257664,0.01423221081495285,0.065589914098382
stonehenge,0,279,300,0.0006,0.05,risk_v2_hybrid,306,300,0,0,32,268,False,,0.0022279766853898764,0.00216884957626462,0.01261178683489561,0.06242191977798939
stonehenge,0,280,300,0.0006,0.05,risk_v2_hybrid,299,299,0,3,27,272,False,,0.0022037671878933907,0.002126026898622513,0.010673378594219685,0.06298468634486198
stonehenge,0,281,300,0.0006,0.05,risk_v2_hybrid,305,300,0,2,23,277,False,,0.0021794235799461603,0.002085781889036298,0.012782528065145016,0.06295179948210716
stonehenge,0,282,300,0.0006,0.05,risk_v2_hybrid,295,295,0,3,31,264,False,,0.0021081871818751097,0.0020540375262498856,0.014422258362174034,0.060225559398531914
stonehenge,0,283,300,0.0006,0.05,risk_v2_hybrid,288,288,0,2,30,258,False,,0.002080201869830489,0.002031340030953288,0.015390850603580475,0.06023680418729782
stonehenge,0,284,300,0.0006,0.05,risk_v2_hybrid,293,293,0,3,24,269,False,,0.0020538903772830963,0.002008193638175726,0.017918694764375687,0.06017906218767166
stonehenge,0,285,300,0.0006,0.05,risk_v2_hybrid,276,276,0,3,25,250,False,,0.0020294685382395983,0.001987813040614128,0.02189331129193306,0.061435408890247345
stonehenge,0,286,300,0.0006,0.05,risk_v2_hybrid,268,268,0,4,30,235,False,,0.002006072783842683,0.001973531674593687,0.025671588256955147,0.0606682188808918
stonehenge,0,287,300,0.0006,0.05,risk_v2_hybrid,264,264,0,6,38,220,False,,0.001983392285183072,0.0019624584820121527,0.028812898322939873,0.06044980511069298
stonehenge,0,288,300,0.0006,0.05,risk_v2_hybrid,269,269,0,5,57,207,False,,0.0020285951904952526,0.0019449073588475585,0.03147487714886665,0.06087084487080574
stonehenge,0,289,300,0.0006,0.05,risk_v2_hybrid,276,276,0,6,75,195,False,,0.0019714664667844772,0.0019325168104842305,0.033782169222831726,0.06104328855872154
stonehenge,0,290,300,0.0006,0.05,risk_v2_hybrid,295,295,0,8,86,201,False,,0.0019569683354347944,0.0019227637676522136,0.035828862339258194,0.060925548896193504
stonehenge,0,291,300,0.0006,0.05,risk_v2_hybrid,308,300,0,8,101,191,False,,0.0019440647447481751,0.001912690349854529,0.03768601268529892,0.06849971227347851
stonehenge,0,292,300,0.0006,0.05,risk_v2_hybrid,321,300,0,8,106,186,False,,0.0019290792988613248,0.0019003554480150342,0.039407387375831604,0.06131403706967831
stonehenge,0,293,300,0.0006,0.05,risk_v2_hybrid,323,300,0,5,109,186,False,,0.0019119823118671775,0.0018811369081959128,0.041032519191503525,0.06199260056018829
stonehenge,0,294,300,0.0006,0.05,risk_v2_hybrid,334,300,0,6,109,185,False,,0.0018984215566888452,0.0018692942103371024,0.042588721960783005,0.06230726279318333
stonehenge,0,295,300,0.0006,0.05,risk_v2_hybrid,333,300,0,3,111,186,False,,0.0018884887685999274,0.001864533987827599,0.044091686606407166,0.06216219626367092
stonehenge,0,296,300,0.0006,0.05,risk_v2_hybrid,337,300,0,3,113,184,False,,0.001885368605144322,0.001866556121967733,0.04554634913802147,0.06204761750996113
stonehenge,0,297,300,0.0006,0.05,risk_v2_hybrid,347,300,0,7,114,179,False,,0.0018888883059844375,0.001873371540568769,0.04695044457912445,0.06274366565048695
stonehenge,0,298,300,0.0006,0.05,risk_v2_hybrid,344,300,0,5,109,186,False,,0.0019255060469731688,0.0018836160888895392,0.048298660665750504,0.06774002127349377
stonehenge,0,299,300,0.0006,0.05,risk_v2_hybrid,352,300,0,6,112,182,False,,0.0018880575662478805,0.0018994343699887395,0.049582209438085556,0.0631830208003521
stonehenge,0,300,300,0.0006,0.05,risk_v2_hybrid,352,300,0,6,113,181,False,,0.0019653006456792355,0.001920407055877149,0.05075575038790703,0.06237153150141239
stonehenge,0,301,300,0.0006,0.05,risk_v2_hybrid,357,300,0,7,110,183,False,,0.00196011271327734,0.0019461129559203982,0.0518898107111454,0.06157892756164074
stonehenge,0,302,300,0.0006,0.05,risk_v2_hybrid,361,300,0,8,112,180,False,,0.001982553629204631,0.001976141706109047,0.05300287902355194,0.06340390630066395
stonehenge,0,303,300,0.0006,0.05,risk_v2_hybrid,379,300,0,7,115,178,False,,0.002004168229177594,0.0020089223980903625,0.054113663733005524,0.06241097114980221
stonehenge,0,304,300,0.0006,0.05,risk_v2_hybrid,432,300,0,8,118,174,False,,0.002029662486165762,0.002039276296272874,0.05523514747619629,0.06612120382487774
stonehenge,0,305,300,0.0006,0.05,risk_v2_hybrid,446,300,0,9,119,172,False,,0.002055914606899023,0.0020709412638098,0.05637093260884285,0.06576220132410526
stonehenge,0,306,300,0.0006,0.05,risk_v2_hybrid,461,300,0,9,121,170,False,,0.0020826843101531267,0.0021010020282119513,0.05751549452543259,0.06315081007778645
stonehenge,0,307,300,0.0006,0.05,risk_v2_hybrid,462,300,0,8,120,172,False,,0.0021105892956256866,0.0021342067047953606,0.05865829437971115,0.06382033042609692
stonehenge,0,308,300,0.0006,0.05,risk_v2_hybrid,467,300,0,9,117,174,False,,0.002139993943274021,0.0021692304871976376,0.05978794023394585,0.06308756954967976
stonehenge,0,309,300,0.0006,0.05,risk_v2_hybrid,485,300,0,9,116,175,False,,0.0021692304871976376,0.0021959550213068724,0.060895487666130066,0.06250595301389694
stonehenge,0,310,300,0.0006,0.05,risk_v2_hybrid,483,300,0,8,115,177,False,,0.0021986959036439657,0.0022222327534109354,0.061974748969078064,0.07256338745355606
stonehenge,0,311,300,0.0006,0.05,risk_v2_hybrid,490,300,0,7,116,177,False,,0.0022250658366829157,0.002249435754492879,0.06302288919687271,0.07386481575667858
stonehenge,0,312,300,0.0006,0.05,risk_v2_hybrid,481,300,0,0,112,188,False,,0.002253117272630334,0.002278378000482917,0.06403912603855133,0.06646891124546528
stonehenge,0,313,300,0.0006,0.05,risk_v2_hybrid,480,300,0,0,108,192,False,,0.002282647415995598,0.002300027059391141,0.0650237575173378,0.06841404549777508
stonehenge,0,314,300,0.0006,0.05,risk_v2_hybrid,464,300,0,0,104,196,False,,0.002303184475749731,0.002309525618329644,0.0659782662987709,0.06297059915959835
stonehenge,0,315,300,0.0006,0.05,risk_v2_hybrid,475,300,0,0,100,200,False,,0.002309525618329644,0.0022838949225842953,0.06690435856580734,0.06216218322515488
stonehenge,0,316,300,0.0006,0.05,risk_v2_hybrid,482,300,0,0,93,207,False,,0.0022838949225842953,0.0021779488306492567,0.06780381500720978,0.06438612751662731
stonehenge,0,317,300,0.0006,0.05,risk_v2_hybrid,494,300,0,1,88,212,False,,0.0021779488306492567,0.002077047247439623,0.06867837905883789,0.061889488250017166
stonehenge,0,318,300,0.0006,0.05,risk_v2_hybrid,493,300,0,6,82,218,False,,0.002077047247439623,0.001980942441150546,0.06952948123216629,0.06062852405011654
stonehenge,0,319,300,0.0006,0.05,risk_v2_hybrid,498,300,0,9,78,222,False,,0.001980942441150546,0.0018893989035859704,0.07035858929157257,0.06037496216595173
stonehenge,0,320,300,0.0006,0.05,risk_v2_hybrid,491,300,0,16,79,221,False,,0.0018893989035859704,0.0018021875293925405,0.0711667388677597,0.061090290546417236
stonehenge,0,321,300,0.0006,0.05,risk_v2_hybrid,485,300,0,20,78,222,False,,0.0018021875293925405,0.0017190915532410145,0.07195501029491425,0.060339175164699554
stonehenge,0,322,300,0.0006,0.05,risk_v2_hybrid,488,300,0,25,77,223,False,,0.0017190915532410145,0.0016399044543504715,0.07272416353225708,0.06025332771241665
stonehenge,0,323,300,0.0006,0.05,risk_v2_hybrid,485,300,0,27,76,224,False,,0.0016399044543504715,0.0015644290251657367,0.07347510755062103,0.060798780992627144
stonehenge,0,324,300,0.0006,0.05,risk_v2_hybrid,492,300,0,29,76,224,False,,0.0015644290251657367,0.0014924806309863925,0.07420828193426132,0.060057030990719795
stonehenge,0,325,300,0.0006,0.05,risk_v2_hybrid,492,300,0,32,76,224,False,,0.0014924806309863925,0.0014238812727853656,0.07492419332265854,0.060629209503531456
stonehenge,1,1,300,0.0006,0.05,risk_v2_hybrid,1134,300,0,0,242,58,False,,0.003976402338594198,0.003938890993595123,0.0,0.06314508430659771
stonehenge,1,2,300,0.0006,0.05,risk_v2_hybrid,1129,300,0,0,244,56,False,,0.003976402338594198,0.003911355510354042,6.422210390155669e-07,0.06130825728178024
stonehenge,1,3,300,0.0006,0.05,risk_v2_hybrid,1057,300,0,0,219,81,False,,0.00398503802716732,0.0038598435930907726,0.02386077307164669,0.060587698593735695
stonehenge,1,4,300,0.0006,0.05,risk_v2_hybrid,986,300,0,0,187,113,False,,0.0038727461360394955,0.003790596965700388,0.04190410301089287,0.05934264324605465
stonehenge,1,5,300,0.0006,0.05,risk_v2_hybrid,936,300,0,0,174,126,False,,0.003802889958024025,0.0037095355801284313,0.055220749229192734,0.058699434623122215
stonehenge,1,6,300,0.0006,0.05,risk_v2_hybrid,907,300,0,0,157,143,False,,0.0037198131904006004,0.00362106179818511,0.065024234354496,0.05892341025173664
stonehenge,1,7,300,0.0006,0.05,risk_v2_hybrid,904,300,0,0,148,152,False,,0.003626053687185049,0.003522623796015978,0.07233262807130814,0.05958964675664902
stonehenge,1,8,300,0.0006,0.05,risk_v2_hybrid,885,300,0,0,139,161,False,,0.003527604741975665,0.0034194227773696184,0.07783985882997513,0.06516476906836033
stonehenge,1,9,300,0.0006,0.05,risk_v2_hybrid,871,300,0,0,122,178,False,,0.0034258952364325523,0.0033138813450932503,0.08203233778476715,0.06427516601979733
stonehenge,1,10,300,0.0006,0.05,risk_v2_hybrid,849,300,0,0,113,187,False,,0.0033392305485904217,0.003207238856703043,0.08525806665420532,0.0644905585795641
stonehenge,1,11,300,0.0006,0.05,risk_v2_hybrid,830,300,0,0,108,192,False,,0.003225853433832526,0.003104031551629305,0.08776893466711044,0.06416036747395992
stonehenge,1,12,300,0.0006,0.05,risk_v2_hybrid,787,300,0,0,106,194,False,,0.0031172409653663635,0.0030053870286792517,0.0897483304142952,0.05894284322857857
stonehenge,1,13,300,0.0006,0.05,risk_v2_hybrid,761,300,0,0,104,196,False,,0.0030586663633584976,0.0029121965635567904,0.09132955223321915,0.05843934789299965
stonehenge,1,14,300,0.0006,0.05,risk_v2_hybrid,718,300,0,0,101,199,False,,0.002914431504905224,0.002822265960276127,0.09260872006416321,0.05804038792848587
stonehenge,1,15,300,0.0006,0.05,risk_v2_hybrid,691,300,0,0,98,202,False,,0.002822265960276127,0.0027369295712560415,0.09365386515855789,0.05828129127621651
stonehenge,1,16,300,0.0006,0.05,risk_v2_hybrid,673,300,0,0,97,203,False,,0.002759957453235984,0.0026522623375058174,0.09452001005411148,0.05897429585456848
stonehenge,1,17,300,0.0006,0.05,risk_v2_hybrid,633,300,0,0,98,202,False,,0.0026587338652461767,0.002572762779891491,0.09542841464281082,0.05754978954792023
stonehenge,1,18,300,0.0006,0.05,risk_v2_hybrid,621,300,0,0,101,199,False,,0.0025850890669971704,0.0024984439369291067,0.0962887704372406,0.05698064900934696
stonehenge,1,19,300,0.0006,0.05,risk_v2_hybrid,591,300,0,0,98,202,False,,0.0025092666037380695,0.002431423170492053,0.09703238308429718,0.057627664878964424
stonehenge,1,20,300,0.0006,0.05,risk_v2_hybrid,574,300,0,0,96,204,False,,0.0024372581392526627,0.0023703884799033403,0.09766552597284317,0.0573866032063961
stonehenge,1,21,300,0.0006,0.05,risk_v2_hybrid,563,300,0,0,93,207,False,,0.002376081421971321,0.002268141834065318,0.09823697805404663,0.057375114411115646
stonehenge,1,22,300,0.0006,0.05,risk_v2_hybrid,574,300,0,0,92,208,False,,0.002268141834065318,0.0021615205332636833,0.09922654181718826,0.05781889334321022
stonehenge,1,23,300,0.0006,0.05,risk_v2_hybrid,579,300,0,3,88,212,False,,0.0021615205332636833,0.0020599879790097475,0.10043919831514359,0.057739634066820145
stonehenge,1,24,300,0.0006,0.05,risk_v2_hybrid,594,300,0,8,88,209,False,,0.0020599879790097475,0.0019634952768683434,0.10151385515928268,0.058073485270142555
stonehenge,1,25,300,0.0006,0.05,risk_v2_hybrid,604,300,0,15,88,208,False,,0.0019634952768683434,0.0018704108661040664,0.10246004164218903,0.05725038982927799
stonehenge,1,26,300,0.0006,0.05,risk_v2_hybrid,608,300,0,17,91,205,False,,0.001871977816335857,0.0017821799265220761,0.1032894030213356,0.05746700242161751
stonehenge,1,27,300,0.0006,0.05,risk_v2_hybrid,618,300,0,21,93,202,False,,0.0017853450262919068,0.0016988335410133004,0.10400911420583725,0.058121075853705406
stonehenge,1,28,300,0.0006,0.05,risk_v2_hybrid,616,300,0,27,92,201,False,,0.0017034878255799413,0.0016202301485463977,0.10462292283773422,0.05921122059226036
stonehenge,1,29,300,0.0006,0.05,risk_v2_hybrid,598,300,0,30,91,200,False,,0.001626291312277317,0.0015462214360013604,0.1051316186785698,0.060136426240205765
stonehenge,1,30,300,0.0006,0.05,risk_v2_hybrid,572,300,0,40,91,195,False,,0.0015536342980340123,0.0014766607200726867,0.10553409904241562,0.06109391152858734
stonehenge,1,31,300,0.0006,0.05,risk_v2_hybrid,574,300,0,44,84,201,False,,0.0014853994362056255,0.0014114083023741841,0.10582713037729263,0.060224778950214386
stonehenge,1,32,300,0.0006,0.05,risk_v2_hybrid,562,300,0,44,80,205,False,,0.0014214757829904556,0.0013503330992534757,0.10600544512271881,0.06208799220621586
stonehenge,1,33,300,0.0006,0.05,risk_v2_hybrid,551,300,0,45,76,209,False,,0.0013617606600746512,0.0012933152029290795,0.10606212913990021,0.06240752711892128
stonehenge,1,34,300,0.0006,0.05,risk_v2_hybrid,525,300,0,43,73,215,False,,0.001306160818785429,0.0012402479769662023,0.10598787665367126,0.061147769913077354
stonehenge,1,35,300,0.0006,0.05,risk_v2_hybrid,500,300,0,44,70,220,False,,0.0012545976787805557,0.0011910410830751061,0.1057710126042366,0.06384058110415936
stonehenge,1,36,300,0.0006,0.05,risk_v2_hybrid,494,300,0,42,64,227,False,,0.0012070067459717393,0.001145620015449822,0.10539757460355759,0.05747775360941887
stonehenge,1,37,300,0.0006,0.05,risk_v2_hybrid,489,300,0,45,62,227,False,,0.0011633381946012378,0.0011039274977520108,0.10485014319419861,0.05837002582848072
stonehenge,1,38,300,0.0006,0.05,risk_v2_hybrid,487,300,0,42,52,238,False,,0.0011235569836571813,0.0010659251129254699,0.10410846024751663,0.06268986687064171
stonehenge,1,39,300,0.0006,0.05,risk_v2_hybrid,483,300,0,43,51,239,False,,0.001087646116502583,0.0010315935360267758,0.10314863175153732,0.06128760799765587
stonehenge,1,40,300,0.0006,0.05,risk_v2_hybrid,466,300,0,43,48,239,False,,0.0010556052438914776,0.0010009324178099632,0.10194286704063416,0.05681087076663971
stonehenge,1,41,300,0.0006,0.05,risk_v2_hybrid,448,300,0,43,43,245,False,,0.0010274494998157024,0.0009739617817103863,0.10045938193798065,0.05511632561683655
stonehenge,1,42,300,0.0006,0.05,risk_v2_hybrid,438,300,0,46,42,244,False,,0.0010032132267951965,0.0009507215581834316,0.09865842759609222,0.05485903471708298
stonehenge,1,43,300,0.0006,0.05,risk_v2_hybrid,430,300,0,44,35,248,False,,0.000982946716248989,0.0009312703041359782,0.09650306403636932,0.05529334396123886
stonehenge,1,44,300,0.0006,0.05,risk_v2_hybrid,418,300,0,44,32,250,False,,0.0009667180711403489,0.0009145450312644243,0.09394699335098267,0.05507817678153515
stonehenge,1,45,300,0.0006,0.05,risk_v2_hybrid,397,300,0,41,30,254,False,,0.000954610644839704,0.0008987812325358391,0.09093749523162842,0.05580930411815643
stonehenge,1,46,300,0.0006,0.05,risk_v2_hybrid,381,300,0,42,27,255,False,,0.0009467258350923657,0.0008869166485965252,0.08741644769906998,0.05491470359265804
stonehenge,1,47,300,0.0006,0.05,risk_v2_hybrid,340,300,0,42,27,256,False,,0.0009418751578778028,0.0008788038976490498,0.08331812918186188,0.05567607656121254
stonehenge,1,48,300,0.0006,0.05,risk_v2_hybrid,316,300,0,39,24,260,False,,0.0008788038976490498,0.0008735909359529614,0.07856953144073486,0.054959435015916824
stonehenge,1,49,300,0.0006,0.05,risk_v2_hybrid,290,290,0,38,19,252,False,,0.0009179790504276752,0.0008652269607409835,0.07308971136808395,0.05502902530133724
stonehenge,1,50,300,0.0006,0.05,risk_v2_hybrid,275,275,0,38,20,237,False,,0.0009084665216505527,0.0008597546257078648,0.06728123128414154,0.055168911814689636
stonehenge,1,51,300,0.0006,0.05,risk_v2_hybrid,271,271,0,41,20,230,False,,0.0008977666730061173,0.0008581433212384582,0.06162094697356224,0.05746535025537014
stonehenge,1,52,300,0.0006,0.05,risk_v2_hybrid,231,231,0,41,19,189,False,,0.0008893202757462859,0.0008487964514642954,0.055276308208703995,0.06505399011075497
stonehenge,1,53,300,0.0006,0.05,risk_v2_hybrid,223,223,0,40,13,182,False,,0.0008692974224686623,0.000834454083815217,0.04898836463689804,0.06288351863622665
stonehenge,1,54,300,0.0006,0.05,risk_v2_hybrid,207,207,0,40,12,166,False,,0.0008526440942659974,0.0008234420092776418,0.04408210888504982,0.05475887842476368
stonehenge,1,55,300,0.0006,0.05,risk_v2_hybrid,198,198,0,38,12,157,False,,0.0008393083699047565,0.0008154943352565169,0.041564006358385086,0.05450054258108139
stonehenge,1,56,300,0.0006,0.05,risk_v2_hybrid,203,203,0,37,10,162,False,,0.0008290534606203437,0.0008102578576654196,0.04058429226279259,0.05920127592980862
stonehenge,1,57,300,0.0006,0.05,risk_v2_hybrid,213,213,0,42,12,165,False,,0.0008215571288019419,0.0008073867065832019,0.040494661778211594,0.055887479335069656
stonehenge,1,58,300,0.0006,0.05,risk_v2_hybrid,223,223,0,42,11,174,False,,0.000816496554762125,0.0008069268660619855,0.03926626220345497,0.05412667617201805
stonehenge,1,59,300,0.0006,0.05,risk_v2_hybrid,221,221,0,47,7,167,False,,0.0008139251731336117,0.0008106839377433062,0.037335868924856186,0.05439862236380577
stonehenge,1,60,300,0.0006,0.05,risk_v2_hybrid,180,180,0,43,10,127,False,,0.0008156446274369955,0.0008203622419387102,0.035408228635787964,0.05392645671963692
stonehenge,1,61,300,0.0006,0.05,risk_v2_hybrid,161,161,0,39,9,113,False,,0.0008233495755121112,0.0008370688883587718,0.033351946622133255,0.05437458120286465
stonehenge,1,62,300,0.0006,0.05,risk_v2_hybrid,198,198,0,38,15,145,False,,0.0008381343213841319,0.0008614636026322842,0.03116263821721077,0.05552092753350735
stonehenge,1,63,300,0.0006,0.05,risk_v2_hybrid,193,193,0,39,21,136,False,,0.0008614636026322842,0.0008946555899456143,0.02892470918595791,0.05455024726688862
stonehenge,1,64,300,0.0006,0.05,risk_v2_hybrid,197,197,0,37,25,138,False,,0.0008946555899456143,0.0009263840038329363,0.026690805330872536,0.05438799224793911
stonehenge,1,65,300,0.0006,0.05,risk_v2_hybrid,187,187,0,33,35,121,False,,0.0009263840038329363,0.0009692247258499265,0.024488553404808044,0.054170623421669006
stonehenge,1,66,300,0.0006,0.05,risk_v2_hybrid,186,186,0,34,35,119,False,,0.0009692247258499265,0.0010247672908008099,0.0223253071308136,0.05453294515609741
stonehenge,1,67,300,0.0006,0.05,risk_v2_hybrid,192,192,0,30,54,109,False,,0.0010247672908008099,0.0010936404578387737,0.02019226923584938,0.054429829120635986
stonehenge,1,68,300,0.0006,0.05,risk_v2_hybrid,175,175,0,28,57,92,False,,0.0010936404578387737,0.0011763323564082384,0.018834734335541725,0.05591894872486591
stonehenge,1,69,300,0.0006,0.05,risk_v2_hybrid,175,175,0,24,55,97,False,,0.0011763323564082384,0.0012725022388622165,0.019738050177693367,0.054682498797774315
stonehenge,1,70,300,0.0006,0.05,risk_v2_hybrid,169,169,0,20,46,103,False,,0.0012725022388622165,0.0013814505655318499,0.02242426574230194,0.054737213999032974
stonehenge,1,71,300,0.0006,0.05,risk_v2_hybrid,162,162,0,19,39,104,False,,0.0013814505655318499,0.0015021372819319367,0.026662176474928856,0.05291176773607731
stonehenge,1,72,300,0.0006,0.05,risk_v2_hybrid,162,162,0,17,44,101,False,,0.0015021372819319367,0.001633504289202392,0.030544670298695564,0.052972083911299706
stonehenge,1,73,300,0.0006,0.05,risk_v2_hybrid,154,154,0,9,43,102,False,,0.001633504289202392,0.0017744124634191394,0.03314106911420822,0.05342120863497257
stonehenge,1,74,300,0.0006,0.05,risk_v2_hybrid,149,149,0,6,39,104,False,,0.0017744124634191394,0.0019239356042817235,0.03509790822863579,0.05364494398236275
stonehenge,1,75,300,0.0006,0.05,risk_v2_hybrid,159,159,0,5,34,120,False,,0.0019239356042817235,0.002081249374896288,0.03675270453095436,0.052977172657847404
stonehenge,1,76,300,0.0006,0.05,risk_v2_hybrid,163,163,0,7,36,120,False,,0.002081249374896288,0.0022429521195590496,0.03832542523741722,0.05322428606450558
stonehenge,1,77,300,0.0006,0.05,risk_v2_hybrid,161,161,0,2,29,130,False,,0.002244856907054782,0.002228467259556055,0.0399073027074337,0.05296788550913334
stonehenge,1,78,300,0.0006,0.05,risk_v2_hybrid,175,175,0,1,23,151,False,,0.00223545846529305,0.0022091667633503675,0.04154795780777931,0.05302300117909908
stonehenge,1,79,300,0.0006,0.05,risk_v2_hybrid,182,182,0,1,25,156,False,,0.002221671398729086,0.002192159416154027,0.0436241552233696,0.053145185112953186
stonehenge,1,80,300,0.0006,0.05,risk_v2_hybrid,192,192,0,3,27,162,False,,0.0022001625038683414,0.002177632413804531,0.046240806579589844,0.05364294722676277
stonehenge,1,81,300,0.0006,0.05,risk_v2_hybrid,198,198,0,3,27,168,False,,0.002177632413804531,0.0021541863679885864,0.048600535839796066,0.05378442071378231
stonehenge,1,82,300,0.0006,0.05,risk_v2_hybrid,204,204,0,4,31,169,False,,0.0021541863679885864,0.0021304304245859385,0.0506439134478569,0.05352883227169514
stonehenge,1,83,300,0.0006,0.05,risk_v2_hybrid,207,207,0,6,33,168,False,,0.0021304304245859385,0.002104439539834857,0.05235546454787254,0.05408736318349838
stonehenge,1,84,300,0.0006,0.05,risk_v2_hybrid,221,221,0,9,36,176,False,,0.002104439539834857,0.0020719943568110466,0.05375707894563675,0.053801052272319794
stonehenge,1,85,300,0.0006,0.05,risk_v2_hybrid,225,225,0,10,47,168,False,,0.0020793720614165068,0.0020439112558960915,0.05489928275346756,0.054658982902765274
stonehenge,1,86,300,0.0006,0.05,risk_v2_hybrid,234,234,0,10,53,171,False,,0.0020453371107578278,0.002014217898249626,0.05584340915083885,0.053788987919688225
stonehenge,1,87,300,0.0006,0.05,risk_v2_hybrid,261,261,0,10,57,194,False,,0.002014217898249626,0.001982840709388256,0.05664856731891632,0.054015979170799255
stonehenge,1,88,300,0.0006,0.05,risk_v2_hybrid,288,288,0,10,59,219,False,,0.0019828530494123697,0.001944456365890801,0.057364434003829956,0.0540117546916008
stonehenge,1,89,300,0.0006,0.05,risk_v2_hybrid,323,300,0,10,61,229,False,,0.0019529735436663032,0.001910857274197042,0.058029867708683014,0.05446439981460571
stonehenge,1,90,300,0.0006,0.05,risk_v2_hybrid,362,300,0,10,65,225,False,,0.0019253265345469117,0.001881996518932283,0.05867364630103111,0.055817048996686935
stonehenge,1,91,300,0.0006,0.05,risk_v2_hybrid,391,300,0,9,66,225,False,,0.0019131869776174426,0.0018578242743387818,0.05931641161441803,0.055328866466879845
stonehenge,1,92,300,0.0006,0.05,risk_v2_hybrid,401,300,0,12,67,221,False,,0.0018940373556688428,0.0018382827984169126,0.05997256189584732,0.05675970017910004
stonehenge,1,93,300,0.0006,0.05,risk_v2_hybrid,413,300,0,15,66,219,False,,0.001875990186817944,0.0018203217769041657,0.06072607263922691,0.05516216345131397
stonehenge,1,94,300,0.0006,0.05,risk_v2_hybrid,394,300,0,14,66,220,False,,0.0018557320581749082,0.001805986394174397,0.06191689148545265,0.05547930486500263
stonehenge,1,95,300,0.0006,0.05,risk_v2_hybrid,421,300,0,18,68,214,False,,0.0018188165267929435,0.0017970759654417634,0.06300512701272964,0.05557560175657272
stonehenge,1,96,300,0.0006,0.05,risk_v2_hybrid,461,300,0,20,68,212,False,,0.0017995279049500823,0.001783312181942165,0.06391896307468414,0.055979425087571144
stonehenge,1,97,300,0.0006,0.05,risk_v2_hybrid,479,300,0,22,67,211,False,,0.001783312181942165,0.0017705886857584119,0.0646638572216034,0.05532011389732361
stonehenge,1,98,300,0.0006,0.05,risk_v2_hybrid,488,300,0,20,70,210,False,,0.0017705886857584119,0.0017614845419302583,0.06526383012533188,0.0554246474057436
stonehenge,1,99,300,0.0006,0.05,risk_v2_hybrid,501,300,0,23,72,207,False,,0.0017614845419302583,0.001755849807523191,0.0657719224691391,0.055757466703653336
stonehenge,1,100,300,0.0006,0.05,risk_v2_hybrid,497,300,0,26,75,201,False,,0.001755849807523191,0.0017522870330139995,0.06640336662530899,0.055379802361130714
stonehenge,1,101,300,0.0006,0.05,risk_v2_hybrid,480,300,0,30,74,200,False,,0.0017531925113871694,0.001745362184010446,0.06718989461660385,0.0545782707631588
stonehenge,1,102,300,0.0006,0.05,risk_v2_hybrid,479,300,0,34,76,197,False,,0.001749735209159553,0.0017373854061588645,0.06804454326629639,0.05476563423871994
stonehenge,1,103,300,0.0006,0.05,risk_v2_hybrid,486,300,0,39,79,194,False,,0.0017410296713933349,0.0017272953409701586,0.068897545337677,0.05457368120551109
stonehenge,1,104,300,0.0006,0.05,risk_v2_hybrid,503,300,0,43,80,191,False,,0.0017272953409701586,0.0016449021641165018,0.06974931061267853,0.055224839597940445
stonehenge,1,105,300,0.0006,0.05,risk_v2_hybrid,503,300,0,52,86,182,False,,0.0016449021641165018,0.0015661566285416484,0.07059865444898605,0.05498487502336502
stonehenge,1,106,300,0.0006,0.05,risk_v2_hybrid,505,300,0,53,87,183,False,,0.0015661566285416484,0.00149090017657727,0.07145357131958008,0.05641204118728638
stonehenge,1,107,300,0.0006,0.05,risk_v2_hybrid,502,300,0,55,89,183,False,,0.00149090017657727,0.0014190145302563906,0.07237059623003006,0.05689953826367855
stonehenge,1,108,300,0.0006,0.05,risk_v2_hybrid,503,300,0,59,90,181,False,,0.0014190145302563906,0.0013504106318578124,0.07333198189735413,0.05739700794219971
stonehenge,1,109,300,0.0006,0.05,risk_v2_hybrid,506,300,0,66,91,176,False,,0.0013504106318578124,0.0012849847553297877,0.0743064433336258,0.057220134884119034
stonehenge,1,110,300,0.0006,0.05,risk_v2_hybrid,504,300,0,70,91,176,False,,0.0012849847553297877,0.0012226245598867536,0.07527448236942291,0.05731302686035633
stonehenge,1,111,300,0.0006,0.05,risk_v2_hybrid,510,300,0,74,93,172,False,,0.0012226245598867536,0.0011632131645455956,0.0762239322066307,0.05728239752352238
stonehenge,1,112,300,0.0006,0.05,risk_v2_hybrid,512,300,0,76,94,169,False,,0.0011632131645455956,0.0011066313600167632,0.07715055346488953,0.05689825862646103
stonehenge,1,113,300,0.0006,0.05,risk_v2_hybrid,519,300,0,82,94,168,False,,0.0011066313600167632,0.0010527530685067177,0.07809315621852875,0.05685235559940338
stonehenge,1,114,300,0.0006,0.05,risk_v2_hybrid,517,300,0,84,93,169,False,,0.0010527530685067177,0.0010014408035203815,0.07908004522323608,0.05624004267156124
stonehenge,2,1,300,0.0006,0.05,risk_v2_hybrid,1269,535,0,0,535,0,False,,0.00457016984000802,0.00457016984000802,0.0,0.06684844382107258
stonehenge,2,2,300,0.0006,0.05,risk_v2_hybrid,1255,521,0,0,521,0,False,,0.004575597122311592,0.004528206307440996,0.00540877366438508,0.0653054267168045
stonehenge,2,3,300,0.0006,0.05,risk_v2_hybrid,1188,459,0,0,459,0,False,,0.004534151405096054,0.004451161716133356,0.029997697100043297,0.06462115049362183
stonehenge,2,4,300,0.0006,0.05,risk_v2_hybrid,1093,376,0,0,376,0,False,,0.00445813313126564,0.004351977724581957,0.04769494757056236,0.06362863071262836
stonehenge,2,5,300,0.0006,0.05,risk_v2_hybrid,1047,331,0,0,331,0,False,,0.004360465798527002,0.004240630194544792,0.05949655547738075,0.06309460662305355
stonehenge,2,6,300,0.0006,0.05,risk_v2_hybrid,989,300,0,0,298,2,False,,0.004245107062160969,0.004122627433389425,0.06712064146995544,0.06230749562382698
stonehenge,2,7,300,0.0006,0.05,risk_v2_hybrid,940,300,0,0,264,36,False,,0.004134918563067913,0.0039999657310545444,0.07170536369085312,0.06298969872295856
stonehenge,2,8,300,0.0006,0.05,risk_v2_hybrid,885,300,0,0,238,62,False,,0.00400905404239893,0.003875839989632368,0.07402262836694717,0.062071699649095535
stonehenge,2,9,300,0.0006,0.05,risk_v2_hybrid,832,300,0,0,190,110,False,,0.003885820508003235,0.003757552243769169,0.07461733371019363,0.06217187084257603
stonehenge,2,10,300,0.0006,0.05,risk_v2_hybrid,802,300,0,0,156,144,False,,0.003770184703171253,0.0036475586239248514,0.07534369081258774,0.0628847423940897
stonehenge,2,11,300,0.0006,0.05,risk_v2_hybrid,767,300,0,0,114,186,False,,0.0036535104736685753,0.0035335293505340815,0.07675113528966904,0.06258445605635643
stonehenge,2,12,300,0.0006,0.05,risk_v2_hybrid,733,300,0,0,92,208,False,,0.0035930932499468327,0.0034243236295878887,0.07775205373764038,0.06195751391351223
stonehenge,2,13,300,0.0006,0.05,risk_v2_hybrid,723,300,0,0,92,208,False,,0.0034410455264151096,0.0033238506875932217,0.07889139652252197,0.06092446483671665
stonehenge,2,14,300,0.0006,0.05,risk_v2_hybrid,716,300,0,0,94,206,False,,0.003348021302372217,0.0032312460243701935,0.08027652651071548,0.06124156154692173
stonehenge,2,15,300,0.0006,0.05,risk_v2_hybrid,715,300,0,0,92,208,False,,0.0032490503508597612,0.0031321232672780752,0.08137927204370499,0.06123265437781811
stonehenge,2,16,300,0.0006,0.05,risk_v2_hybrid,715,300,0,0,86,214,False,,0.0031458185985684395,0.0030369821470230818,0.08216137439012527,0.05996984988451004
stonehenge,2,17,300,0.0006,0.05,risk_v2_hybrid,708,300,0,0,84,216,False,,0.0030513734091073275,0.0029492175672203302,0.08297548443078995,0.06780889071524143
stonehenge,2,18,300,0.0006,0.05,risk_v2_hybrid,709,300,0,0,78,222,False,,0.0029595589730888605,0.0028674816712737083,0.08391641825437546,0.06775624305009842
stonehenge,2,19,300,0.0006,0.05,risk_v2_hybrid,691,300,0,0,72,228,False,,0.0028865558560937643,0.0027840102557092905,0.0848168209195137,0.06711372546851635
stonehenge,2,20,300,0.0006,0.05,risk_v2_hybrid,697,300,0,0,74,226,False,,0.0028051286935806274,0.00270294607616961,0.08551981300115585,0.06709879264235497
stonehenge,2,21,300,0.0006,0.05,risk_v2_hybrid,667,300,0,0,77,223,False,,0.0027193366549909115,0.0026268293149769306,0.08605508506298065,0.06404247134923935
stonehenge,2,22,300,0.0006,0.05,risk_v2_hybrid,633,300,0,0,69,231,False,,0.0026525843422859907,0.002556110266596079,0.08644083887338638,0.06134939007461071
stonehenge,2,23,300,0.0006,0.05,risk_v2_hybrid,617,300,0,0,66,234,False,,0.0025774051900953054,0.002491349121555686,0.08668727427721024,0.06589258834719658
stonehenge,2,24,300,0.0006,0.05,risk_v2_hybrid,619,300,0,0,57,243,False,,0.002507534809410572,0.002426035702228546,0.08679793775081635,0.06154203414916992
stonehenge,2,25,300,0.0006,0.05,risk_v2_hybrid,612,300,0,0,59,241,False,,0.0024322436656802893,0.0023548875469714403,0.08681099861860275,0.060683825984597206
stonehenge,2,26,300,0.0006,0.05,risk_v2_hybrid,616,300,0,0,59,241,False,,0.0023633171804249287,0.002288278192281723,0.08715314418077469,0.05940473452210426
stonehenge,2,27,300,0.0006,0.05,risk_v2_hybrid,607,300,0,0,56,244,False,,0.002300587482750416,0.002224026247859001,0.08727268874645233,0.059792546555399895
stonehenge,2,28,300,0.0006,0.05,risk_v2_hybrid,611,300,0,3,58,239,False,,0.0022359765134751797,0.002163502387702465,0.08718094974756241,0.0588205773383379
stonehenge,2,29,300,0.0006,0.05,risk_v2_hybrid,627,300,0,3,56,241,False,,0.0021713757887482643,0.00210809544660151,0.08688202500343323,0.058546995744109154
stonehenge,2,30,300,0.0006,0.05,risk_v2_hybrid,623,300,0,4,57,239,False,,0.002132456051185727,0.002055248711258173,0.08637095987796783,0.05866297334432602
stonehenge,2,31,300,0.0006,0.05,risk_v2_hybrid,602,300,0,5,54,241,False,,0.0020707612857222557,0.002007528906688094,0.08563517779111862,0.0577718261629343
stonehenge,2,32,300,0.0006,0.05,risk_v2_hybrid,584,300,0,9,48,243,False,,0.002016630722209811,0.001967942574992776,0.0846555233001709,0.059046026319265366
stonehenge,2,33,300,0.0006,0.05,risk_v2_hybrid,555,300,0,7,39,254,False,,0.0019702184945344925,0.0019316774560138583,0.08340724557638168,0.05887567810714245
stonehenge,2,34,300,0.0006,0.05,risk_v2_hybrid,548,300,0,12,37,251,False,,0.0019316774560138583,0.00190117082092911,0.08186013996601105,0.05943772755563259
stonehenge,2,35,300,0.0006,0.05,risk_v2_hybrid,511,300,0,11,34,255,False,,0.00190117082092911,0.001873460947535932,0.07997887581586838,0.05781738646328449
stonehenge,2,36,300,0.0006,0.05,risk_v2_hybrid,486,300,0,8,30,262,False,,0.0018787271110340953,0.001847382285632193,0.07772311568260193,0.05766953341662884
stonehenge,2,37,300,0.0006,0.05,risk_v2_hybrid,477,300,0,8,28,264,False,,0.0018586247460916638,0.0018188956892117858,0.07504719495773315,0.0571205522865057
stonehenge,2,38,300,0.0006,0.05,risk_v2_hybrid,471,300,0,11,28,262,False,,0.001851279172115028,0.001786961336620152,0.07195930182933807,0.05727050267159939
stonehenge,2,39,300,0.0006,0.05,risk_v2_hybrid,475,300,0,13,28,262,False,,0.001830129069276154,0.0017629676731303334,0.06979606300592422,0.05749381706118584
stonehenge,2,40,300,0.0006,0.05,risk_v2_hybrid,466,300,0,16,28,261,False,,0.00182092294562608,0.0017474141204729676,0.06747232377529144,0.05812310241162777
stonehenge,2,41,300,0.0006,0.05,risk_v2_hybrid,434,300,0,17,27,261,False,,0.001788563677109778,0.0017411302542313933,0.06531646847724915,0.05607457086443901
stonehenge,2,42,300,0.0006,0.05,risk_v2_hybrid,414,300,0,16,18,271,False,,0.0017646766500547528,0.0017305983928963542,0.06333369016647339,0.056357160210609436
stonehenge,2,43,300,0.0006,0.05,risk_v2_hybrid,396,300,0,21,16,271,False,,0.0017485596472397447,0.0017296510050073266,0.06076402962207794,0.05599863454699516
stonehenge,2,44,300,0.0006,0.05,risk_v2_hybrid,358,300,0,19,13,276,False,,0.0017476893262937665,0.001711520366370678,0.057582370936870575,0.05832174979150295
stonehenge,2,45,300,0.0006,0.05,risk_v2_hybrid,347,300,0,18,16,274,False,,0.0017411756562069058,0.0016716566169634461,0.055212490260601044,0.06280556693673134
stonehenge,2,46,300,0.0006,0.05,risk_v2_hybrid,347,300,0,18,19,268,False,,0.0016921573551371694,0.0016166666755452752,0.052579574286937714,0.05690314806997776
stonehenge,2,47,300,0.0006,0.05,risk_v2_hybrid,342,300,0,18,21,266,False,,0.0016346400370821357,0.0015659722266718745,0.05229365453124046,0.057289617136120796
stonehenge,2,48,300,0.0006,0.05,risk_v2_hybrid,338,300,0,18,21,264,False,,0.0015815222868695855,0.0015192012069746852,0.05419741943478584,0.05810187943279743
stonehenge,2,49,300,0.0006,0.05,risk_v2_hybrid,324,300,0,18,19,265,False,,0.0015324177220463753,0.001475976430810988,0.05584364011883736,0.05464857071638107
stonehenge,2,50,300,0.0006,0.05,risk_v2_hybrid,318,300,0,24,18,260,False,,0.0014869795413687825,0.0014364293310791254,0.0568748377263546,0.056227413937449455
stonehenge,2,51,300,0.0006,0.05,risk_v2_hybrid,322,300,0,28,18,256,False,,0.001445347792468965,0.0014013549080118537,0.05741642788052559,0.05552773363888264
stonehenge,2,52,300,0.0006,0.05,risk_v2_hybrid,289,289,0,26,17,248,False,,0.0014083076966926455,0.0013714533997699618,0.0575694777071476,0.05564466118812561
stonehenge,2,53,300,0.0006,0.05,risk_v2_hybrid,256,256,0,34,13,210,False,,0.001376546104438603,0.0013473622966557741,0.057401783764362335,0.054058268666267395
stonehenge,2,54,300,0.0006,0.05,risk_v2_hybrid,294,294,0,35,15,246,False,,0.0013506830437108874,0.0013296810211613774,0.05695603787899017,0.055252835154533386
stonehenge,2,55,300,0.0006,0.05,risk_v2_hybrid,286,286,0,38,19,232,False,,0.00133130035828799,0.0013189181918278337,0.056256089359521866,0.056117625907063484
stonehenge,2,56,300,0.0006,0.05,risk_v2_hybrid,283,283,0,38,18,230,False,,0.0013189181918278337,0.0013136969646438956,0.05531039088964462,0.05482814460992813
stonehenge,2,57,300,0.0006,0.05,risk_v2_hybrid,272,272,0,39,19,217,False,,0.0013136969646438956,0.0013166043208912015,0.05411499738693237,0.05482962541282177
stonehenge,2,58,300,0.0006,0.05,risk_v2_hybrid,278,278,0,36,20,226,False,,0.0013166043208912015,0.001328147016465664,0.05265532806515694,0.05471518263220787
stonehenge,2,59,300,0.0006,0.05,risk_v2_hybrid,268,268,0,26,23,222,False,,0.001328147016465664,0.0013417127775028348,0.05090756341814995,0.05419426038861275
stonehenge,2,60,300,0.0006,0.05,risk_v2_hybrid,267,267,0,24,24,223,False,,0.0013417127775028348,0.0013590216403827071,0.05042346566915512,0.05420098640024662
stonehenge,2,61,300,0.0006,0.05,risk_v2_hybrid,261,261,0,20,27,216,False,,0.0013590216403827071,0.0013874111464247108,0.050187185406684875,0.05455218628048897
stonehenge,2,62,300,0.0006,0.05,risk_v2_hybrid,259,259,0,17,26,217,False,,0.0013874111464247108,0.00142722949385643,0.0508154034614563,0.054140232503414154
stonehenge,2,63,300,0.0006,0.05,risk_v2_hybrid,254,254,0,16,33,206,False,,0.00142722949385643,0.0014785672537982464,0.05275840684771538,0.053906748071312904
stonehenge,2,64,300,0.0006,0.05,risk_v2_hybrid,253,253,0,17,35,202,False,,0.0014785672537982464,0.0015414770459756255,0.0539720393717289,0.05340192653238773
stonehenge,2,65,300,0.0006,0.05,risk_v2_hybrid,232,232,0,17,29,187,False,,0.0015414770459756255,0.0016160400118678808,0.05538707226514816,0.05372048728168011
stonehenge,2,66,300,0.0006,0.05,risk_v2_hybrid,249,249,0,17,29,205,False,,0.0016160400118678808,0.001701977918855846,0.0569879375398159,0.05503198318183422
stonehenge,2,67,300,0.0006,0.05,risk_v2_hybrid,223,223,0,12,27,185,False,,0.001701977918855846,0.0017984643345698714,0.05921518802642822,0.05425368994474411
stonehenge,2,68,300,0.0006,0.05,risk_v2_hybrid,202,202,0,7,31,164,False,,0.0017984643345698714,0.0019050334813073277,0.061593201011419296,0.054552048444747925
stonehenge,2,69,300,0.0006,0.05,risk_v2_hybrid,205,205,0,7,32,166,False,,0.0019050334813073277,0.002021346241235733,0.06378151476383209,0.054170023649930954
stonehenge,2,70,300,0.0006,0.05,risk_v2_hybrid,193,193,0,2,32,159,False,,0.0020935421343892813,0.0021467346232384443,0.06560590863227844,0.05293342098593712
stonehenge,2,71,300,0.0006,0.05,risk_v2_hybrid,188,188,0,6,28,154,False,,0.0021467346232384443,0.0022806415800005198,0.06712516397237778,0.053816866129636765
stonehenge,2,72,300,0.0006,0.05,risk_v2_hybrid,203,203,0,0,30,173,False,,0.0022806415800005198,0.002292958553880453,0.06483335793018341,0.05420275777578354
stonehenge,2,73,300,0.0006,0.05,risk_v2_hybrid,239,239,0,0,52,187,False,,0.0023000275250524282,0.0022951944265514612,0.061574868857860565,0.053276751190423965
stonehenge,2,74,300,0.0006,0.05,risk_v2_hybrid,287,287,0,0,61,226,False,,0.0023200535215437412,0.0022889194078743458,0.05868150293827057,0.055177049711346626
stonehenge,2,75,300,0.0006,0.05,risk_v2_hybrid,309,300,0,0,36,264,False,,0.0023200674913823605,0.0022838362492620945,0.05627598240971565,0.054296404123306274
stonehenge,2,76,300,0.0006,0.05,risk_v2_hybrid,345,300,0,0,46,254,False,,0.0022878667805343866,0.00226476788520813,0.05496868118643761,0.05507542937994003
stonehenge,2,77,300,0.0006,0.05,risk_v2_hybrid,348,300,0,0,47,253,False,,0.0022721183486282825,0.002247199648991227,0.05387962609529495,0.05681095831096172
stonehenge,2,78,300,0.0006,0.05,risk_v2_hybrid,350,300,0,2,46,252,False,,0.0022514655720442533,0.0022329429630190134,0.05309388041496277,0.05674410052597523
stonehenge,2,79,300,0.0006,0.05,risk_v2_hybrid,333,300,0,1,43,256,False,,0.0022329429630190134,0.0022076054010540247,0.052655771374702454,0.05616798251867294
stonehenge,2,80,300,0.0006,0.05,risk_v2_hybrid,346,300,0,1,43,256,False,,0.0022095630411058664,0.0021742733661085367,0.05257995426654816,0.056861910969018936
stonehenge,2,81,300,0.0006,0.05,risk_v2_hybrid,339,300,0,4,39,257,False,,0.0021742733661085367,0.0021381049882620573,0.05285601317882538,0.05590479448437691
stonehenge,2,82,300,0.0006,0.05,risk_v2_hybrid,347,300,0,6,40,254,False,,0.002142790937796235,0.002098684897646308,0.053454767912626266,0.057880084961652756
stonehenge,2,83,300,0.0006,0.05,risk_v2_hybrid,312,300,0,2,43,255,False,,0.002114625182002783,0.0020617598202079535,0.054313696920871735,0.05590730346739292
stonehenge,2,84,300,0.0006,0.05,risk_v2_hybrid,315,300,0,6,48,246,False,,0.002086162567138672,0.0020203464664518833,0.05531555414199829,0.05577409267425537
stonehenge,2,85,300,0.0006,0.05,risk_v2_hybrid,338,300,0,9,58,233,False,,0.002039716113358736,0.001975397812202573,0.05632711946964264,0.05669987201690674
stonehenge,2,86,300,0.0006,0.05,risk_v2_hybrid,381,300,0,10,61,229,False,,0.001975397812202573,0.001930760801769793,0.057786889374256134,0.05656433664262295
stonehenge,2,87,300,0.0006,0.05,risk_v2_hybrid,378,300,0,11,58,231,False,,0.001930760801769793,0.0018874149536713958,0.059898026287555695,0.05636574141681194
stonehenge,2,88,300,0.0006,0.05,risk_v2_hybrid,380,300,0,12,63,225,False,,0.0018874149536713958,0.0018432853976264596,0.06159333884716034,0.05557015538215637
stonehenge,2,89,300,0.0006,0.05,risk_v2_hybrid,376,300,0,15,67,218,False,,0.0018432853976264596,0.0017933592898771167,0.06305228173732758,0.05714073404669762
stonehenge,2,90,300,0.0006,0.05,risk_v2_hybrid,375,300,0,17,67,216,False,,0.0017933592898771167,0.0017481640679761767,0.06434246152639389,0.05695516802370548
stonehenge,2,91,300,0.0006,0.05,risk_v2_hybrid,382,300,0,20,70,210,False,,0.0017481640679761767,0.0017077678348869085,0.06548264622688293,0.05677024833858013
stonehenge,2,92,300,0.0006,0.05,risk_v2_hybrid,398,300,0,22,69,209,False,,0.0017077678348869085,0.0016721993451938033,0.06637313961982727,0.05619581416249275
stonehenge,2,93,300,0.0006,0.05,risk_v2_hybrid,402,300,0,20,71,209,False,,0.0017038427758961916,0.001641448587179184,0.06722015142440796,0.0564055647701025
stonehenge,2,94,300,0.0006,0.05,risk_v2_hybrid,415,300,0,28,73,199,False,,0.001679233624599874,0.001615478191524744,0.06801927834749222,0.0557038988918066
stonehenge,2,95,300,0.0006,0.05,risk_v2_hybrid,426,300,0,33,72,195,False,,0.0016558952629566193,0.0015942197060212493,0.06876972317695618,0.055957894772291183
stonehenge,2,96,300,0.0006,0.05,risk_v2_hybrid,450,300,0,38,75,188,False,,0.0015942197060212493,0.0015775783685967326,0.06955970078706741,0.05621633864939213
stonehenge,2,97,300,0.0006,0.05,risk_v2_hybrid,465,300,0,44,76,184,False,,0.0015775783685967326,0.001564818318001926,0.07055594772100449,0.05604732967913151
stonehenge,2,98,300,0.0006,0.05,risk_v2_hybrid,465,300,0,44,81,182,False,,0.001564818318001926,0.0015550559619441628,0.07157206535339355,0.056681495159864426
stonehenge,2,99,300,0.0006,0.05,risk_v2_hybrid,471,300,0,49,84,179,False,,0.0015550559619441628,0.0015256581827998161,0.07253211736679077,0.05617476627230644
stonehenge,2,100,300,0.0006,0.05,risk_v2_hybrid,477,300,0,58,85,172,False,,0.0015256581827998161,0.0014975753147155046,0.07341577857732773,0.0566104743629694
stonehenge,2,101,300,0.0006,0.05,risk_v2_hybrid,483,300,0,65,85,171,False,,0.0014975753147155046,0.0014717078302055597,0.07422543317079544,0.05758127570152283
stonehenge,2,102,300,0.0006,0.05,risk_v2_hybrid,493,300,0,75,88,164,False,,0.0014717078302055597,0.0014478698140010238,0.07497129589319229,0.056551963090896606
stonehenge,2,103,300,0.0006,0.05,risk_v2_hybrid,498,300,0,81,90,161,False,,0.0014478698140010238,0.0014259277377277613,0.07566503435373306,0.05759201757609844
stonehenge,2,104,300,0.0006,0.05,risk_v2_hybrid,502,300,0,82,91,161,False,,0.0014259277377277613,0.0014058075612410903,0.07631728798151016,0.05711112916469574
